debit_0_0	72.0	-10000	100000
debit_0_1	117.0	-10000	100000
debit_0_2	85.0	-10000	100000
debit_0_3	70.0	-10000	100000
debit_0_4	222.0	-10000	100000
debit_0_5	0.0	-10000	100000
debit_10_0	0.0	-10000	100000
debit_10_1	0.0	-10000	100000
debit_10_2	0.0	-10000	100000
debit_10_3	0.0	-10000	100000
debit_10_4	0.0	-10000	100000
debit_10_5	-115.0	-10000	100000
debit_11_0	0.0	-10000	100000
debit_11_1	0.0	-10000	100000
debit_11_2	0.0	-10000	100000
debit_11_3	0.0	-10000	100000
debit_11_4	0.0	-10000	100000
debit_11_5	-115.0	-10000	100000
debit_12_0	72.0	-10000	100000
debit_12_1	39.0	-10000	100000
debit_12_2	85.0	-10000	100000
debit_12_3	0.0	-10000	100000
debit_12_4	0.0	-10000	100000
debit_12_5	-85.0	-10000	100000
debit_13_0	72.0	-10000	100000
debit_13_1	78.0	-10000	100000
debit_13_2	85.0	-10000	100000
debit_13_3	70.0	-10000	100000
debit_13_4	0.0	-10000	100000
debit_13_5	-85.0	-10000	100000
debit_14_0	72.0	-10000	100000
debit_14_1	78.0	-10000	100000
debit_14_2	85.0	-10000	100000
debit_14_3	70.0	-10000	100000
debit_14_4	0.0	-10000	100000
debit_14_5	-85.0	-10000	100000
debit_15_0	0.0	-10000	100000
debit_15_1	0.0	-10000	100000
debit_15_2	0.0	-10000	100000
debit_15_3	0.0	-10000	100000
debit_15_4	0.0	-10000	100000
debit_15_5	-115.0	-10000	100000
debit_16_0	0.0	-10000	100000
debit_16_1	0.0	-10000	100000
debit_16_2	0.0	-10000	100000
debit_16_3	0.0	-10000	100000
debit_16_4	0.0	-10000	100000
debit_16_5	-115.0	-10000	100000
debit_17_0	72.0	-10000	100000
debit_17_1	39.0	-10000	100000
debit_17_2	85.0	-10000	100000
debit_17_3	21.0	-10000	100000
debit_17_4	0.0	-10000	100000
debit_17_5	-85.0	-10000	100000
debit_18_0	72.0	-10000	100000
debit_18_1	78.0	-10000	100000
debit_18_2	85.0	-10000	100000
debit_18_3	70.0	-10000	100000
debit_18_4	0.0	-10000	100000
debit_18_5	0.0	-10000	100000
debit_19_0	72.0	-10000	100000
debit_19_1	117.0	-10000	100000
debit_19_2	85.0	-10000	100000
debit_19_3	70.0	-10000	100000
debit_19_4	0.0	-10000	100000
debit_19_5	0.0	-10000	100000
debit_1_0	0.0	-10000	100000
debit_1_1	0.0	-10000	100000
debit_1_2	85.0	-10000	100000
debit_1_3	0.0	-10000	100000
debit_1_4	0.0	-10000	100000
debit_1_5	-85.0	-10000	100000
debit_20_0	72.0	-10000	100000
debit_20_1	117.0	-10000	100000
debit_20_2	85.0	-10000	100000
debit_20_3	70.0	-10000	100000
debit_20_4	222.0	-10000	100000
debit_20_5	0.0	-10000	100000
debit_21_0	72.0	-10000	100000
debit_21_1	117.0	-10000	100000
debit_21_2	85.0	-10000	100000
debit_21_3	70.0	-10000	100000
debit_21_4	222.0	-10000	100000
debit_21_5	0.0	-10000	100000
debit_22_0	72.0	-10000	100000
debit_22_1	117.0	-10000	100000
debit_22_2	85.0	-10000	100000
debit_22_3	70.0	-10000	100000
debit_22_4	222.0	-10000	100000
debit_22_5	0.0	-10000	100000
debit_23_0	72.0	-10000	100000
debit_23_1	117.0	-10000	100000
debit_23_2	85.0	-10000	100000
debit_23_3	70.0	-10000	100000
debit_23_4	222.0	-10000	100000
debit_23_5	0.0	-10000	100000
debit_24_0	72.0	-10000	100000
debit_24_1	117.0	-10000	100000
debit_24_2	85.0	-10000	100000
debit_24_3	70.0	-10000	100000
debit_24_4	0.0	-10000	100000
debit_24_5	0.0	-10000	100000
debit_25_0	72.0	-10000	100000
debit_25_1	0.0	-10000	100000
debit_25_2	85.0	-10000	100000
debit_25_3	21.0	-10000	100000
debit_25_4	0.0	-10000	100000
debit_25_5	-85.0	-10000	100000
debit_26_0	72.0	-10000	100000
debit_26_1	0.0	-10000	100000
debit_26_2	85.0	-10000	100000
debit_26_3	21.0	-10000	100000
debit_26_4	0.0	-10000	100000
debit_26_5	-85.0	-10000	100000
debit_27_0	0.0	-10000	100000
debit_27_1	0.0	-10000	100000
debit_27_2	0.0	-10000	100000
debit_27_3	0.0	-10000	100000
debit_27_4	0.0	-10000	100000
debit_27_5	-115.0	-10000	100000
debit_28_0	0.0	-10000	100000
debit_28_1	0.0	-10000	100000
debit_28_2	0.0	-10000	100000
debit_28_3	0.0	-10000	100000
debit_28_4	0.0	-10000	100000
debit_28_5	-115.0	-10000	100000
debit_29_0	72.0	-10000	100000
debit_29_1	39.0	-10000	100000
debit_29_2	85.0	-10000	100000
debit_29_3	58.0	-10000	100000
debit_29_4	0.0	-10000	100000
debit_29_5	-85.0	-10000	100000
debit_2_0	0.0	-10000	100000
debit_2_1	0.0	-10000	100000
debit_2_2	85.0	-10000	100000
debit_2_3	0.0	-10000	100000
debit_2_4	0.0	-10000	100000
debit_2_5	-85.0	-10000	100000
debit_30_0	72.0	-10000	100000
debit_30_1	39.0	-10000	100000
debit_30_2	85.0	-10000	100000
debit_30_3	58.0	-10000	100000
debit_30_4	0.0	-10000	100000
debit_30_5	-85.0	-10000	100000
debit_31_0	0.0	-10000	100000
debit_31_1	0.0	-10000	100000
debit_31_2	0.0	-10000	100000
debit_31_3	0.0	-10000	100000
debit_31_4	0.0	-10000	100000
debit_31_5	-85.0	-10000	100000
debit_32_0	0.0	-10000	100000
debit_32_1	0.0	-10000	100000
debit_32_2	0.0	-10000	100000
debit_32_3	0.0	-10000	100000
debit_32_4	0.0	-10000	100000
debit_32_5	-85.0	-10000	100000
debit_33_0	0.0	-10000	100000
debit_33_1	0.0	-10000	100000
debit_33_2	0.0	-10000	100000
debit_33_3	0.0	-10000	100000
debit_33_4	0.0	-10000	100000
debit_33_5	-115.0	-10000	100000
debit_34_0	0.0	-10000	100000
debit_34_1	0.0	-10000	100000
debit_34_2	0.0	-10000	100000
debit_34_3	0.0	-10000	100000
debit_34_4	0.0	-10000	100000
debit_34_5	-115.0	-10000	100000
debit_35_0	0.0	-10000	100000
debit_35_1	39.0	-10000	100000
debit_35_2	0.0	-10000	100000
debit_35_3	0.0	-10000	100000
debit_35_4	0.0	-10000	100000
debit_35_5	-115.0	-10000	100000
debit_36_0	72.0	-10000	100000
debit_36_1	78.0	-10000	100000
debit_36_2	85.0	-10000	100000
debit_36_3	70.0	-10000	100000
debit_36_4	0.0	-10000	100000
debit_36_5	-45.0	-10000	100000
debit_37_0	72.0	-10000	100000
debit_37_1	78.0	-10000	100000
debit_37_2	85.0	-10000	100000
debit_37_3	70.0	-10000	100000
debit_37_4	0.0	-10000	100000
debit_37_5	-45.0	-10000	100000
debit_38_0	72.0	-10000	100000
debit_38_1	78.0	-10000	100000
debit_38_2	85.0	-10000	100000
debit_38_3	70.0	-10000	100000
debit_38_4	0.0	-10000	100000
debit_38_5	-85.0	-10000	100000
debit_39_0	0.0	-10000	100000
debit_39_1	0.0	-10000	100000
debit_39_2	0.0	-10000	100000
debit_39_3	0.0	-10000	100000
debit_39_4	0.0	-10000	100000
debit_39_5	-85.0	-10000	100000
debit_3_0	72.0	-10000	100000
debit_3_1	0.0	-10000	100000
debit_3_2	85.0	-10000	100000
debit_3_3	0.0	-10000	100000
debit_3_4	0.0	-10000	100000
debit_3_5	-85.0	-10000	100000
debit_40_0	0.0	-10000	100000
debit_40_1	0.0	-10000	100000
debit_40_2	0.0	-10000	100000
debit_40_3	0.0	-10000	100000
debit_40_4	0.0	-10000	100000
debit_40_5	-85.0	-10000	100000
debit_41_0	0.0	-10000	100000
debit_41_1	0.0	-10000	100000
debit_41_2	0.0	-10000	100000
debit_41_3	0.0	-10000	100000
debit_41_4	0.0	-10000	100000
debit_41_5	-135.0	-10000	100000
debit_42_0	0.0	-10000	100000
debit_42_1	0.0	-10000	100000
debit_42_2	0.0	-10000	100000
debit_42_3	0.0	-10000	100000
debit_42_4	0.0	-10000	100000
debit_42_5	-135.0	-10000	100000
debit_43_0	0.0	-10000	100000
debit_43_1	0.0	-10000	100000
debit_43_2	0.0	-10000	100000
debit_43_3	0.0	-10000	100000
debit_43_4	0.0	-10000	100000
debit_43_5	-135.0	-10000	100000
debit_44_0	0.0	-10000	100000
debit_44_1	0.0	-10000	100000
debit_44_2	0.0	-10000	100000
debit_44_3	0.0	-10000	100000
debit_44_4	0.0	-10000	100000
debit_44_5	-135.0	-10000	100000
debit_45_0	0.0	-10000	100000
debit_45_1	0.0	-10000	100000
debit_45_2	0.0	-10000	100000
debit_45_3	0.0	-10000	100000
debit_45_4	0.0	-10000	100000
debit_45_5	-135.0	-10000	100000
debit_46_0	0.0	-10000	100000
debit_46_1	0.0	-10000	100000
debit_46_2	0.0	-10000	100000
debit_46_3	0.0	-10000	100000
debit_46_4	0.0	-10000	100000
debit_46_5	-115.0	-10000	100000
debit_47_0	0.0	-10000	100000
debit_47_1	0.0	-10000	100000
debit_47_2	0.0	-10000	100000
debit_47_3	0.0	-10000	100000
debit_47_4	0.0	-10000	100000
debit_47_5	-115.0	-10000	100000
debit_48_0	0.0	-10000	100000
debit_48_1	0.0	-10000	100000
debit_48_2	0.0	-10000	100000
debit_48_3	0.0	-10000	100000
debit_48_4	0.0	-10000	100000
debit_48_5	-85.0	-10000	100000
debit_49_0	0.0	-10000	100000
debit_49_1	0.0	-10000	100000
debit_49_2	0.0	-10000	100000
debit_49_3	0.0	-10000	100000
debit_49_4	0.0	-10000	100000
debit_49_5	-85.0	-10000	100000
debit_4_0	72.0	-10000	100000
debit_4_1	0.0	-10000	100000
debit_4_2	85.0	-10000	100000
debit_4_3	0.0	-10000	100000
debit_4_4	0.0	-10000	100000
debit_4_5	-85.0	-10000	100000
debit_50_0	0.0	-10000	100000
debit_50_1	0.0	-10000	100000
debit_50_2	0.0	-10000	100000
debit_50_3	0.0	-10000	100000
debit_50_4	0.0	-10000	100000
debit_50_5	-85.0	-10000	100000
debit_51_0	0.0	-10000	100000
debit_51_1	0.0	-10000	100000
debit_51_2	0.0	-10000	100000
debit_51_3	0.0	-10000	100000
debit_51_4	0.0	-10000	100000
debit_51_5	-115.0	-10000	100000
debit_52_0	0.0	-10000	100000
debit_52_1	0.0	-10000	100000
debit_52_2	0.0	-10000	100000
debit_52_3	0.0	-10000	100000
debit_52_4	0.0	-10000	100000
debit_52_5	-115.0	-10000	100000
debit_53_0	0.0	-10000	100000
debit_53_1	0.0	-10000	100000
debit_53_2	0.0	-10000	100000
debit_53_3	0.0	-10000	100000
debit_53_4	0.0	-10000	100000
debit_53_5	-85.0	-10000	100000
debit_54_0	0.0	-10000	100000
debit_54_1	39.0	-10000	100000
debit_54_2	0.0	-10000	100000
debit_54_3	0.0	-10000	100000
debit_54_4	0.0	-10000	100000
debit_54_5	-85.0	-10000	100000
debit_55_0	72.0	-10000	100000
debit_55_1	78.0	-10000	100000
debit_55_2	85.0	-10000	100000
debit_55_3	70.0	-10000	100000
debit_55_4	0.0	-10000	100000
debit_55_5	0.0	-10000	100000
debit_56_0	72.0	-10000	100000
debit_56_1	78.0	-10000	100000
debit_56_2	85.0	-10000	100000
debit_56_3	70.0	-10000	100000
debit_56_4	0.0	-10000	100000
debit_56_5	0.0	-10000	100000
debit_57_0	72.0	-10000	100000
debit_57_1	78.0	-10000	100000
debit_57_2	85.0	-10000	100000
debit_57_3	70.0	-10000	100000
debit_57_4	0.0	-10000	100000
debit_57_5	-85.0	-10000	100000
debit_58_0	72.0	-10000	100000
debit_58_1	78.0	-10000	100000
debit_58_2	85.0	-10000	100000
debit_58_3	70.0	-10000	100000
debit_58_4	0.0	-10000	100000
debit_58_5	-85.0	-10000	100000
debit_59_0	72.0	-10000	100000
debit_59_1	78.0	-10000	100000
debit_59_2	85.0	-10000	100000
debit_59_3	70.0	-10000	100000
debit_59_4	0.0	-10000	100000
debit_59_5	-85.0	-10000	100000
debit_5_0	0.0	-10000	100000
debit_5_1	0.0	-10000	100000
debit_5_2	0.0	-10000	100000
debit_5_3	0.0	-10000	100000
debit_5_4	0.0	-10000	100000
debit_5_5	-135.0	-10000	100000
debit_60_0	0.0	-10000	100000
debit_60_1	0.0	-10000	100000
debit_60_2	0.0	-10000	100000
debit_60_3	0.0	-10000	100000
debit_60_4	0.0	-10000	100000
debit_60_5	-85.0	-10000	100000
debit_61_0	0.0	-10000	100000
debit_61_1	0.0	-10000	100000
debit_61_2	0.0	-10000	100000
debit_61_3	0.0	-10000	100000
debit_61_4	0.0	-10000	100000
debit_61_5	-85.0	-10000	100000
debit_62_0	72.0	-10000	100000
debit_62_1	0.0	-10000	100000
debit_62_2	85.0	-10000	100000
debit_62_3	0.0	-10000	100000
debit_62_4	0.0	-10000	100000
debit_62_5	-85.0	-10000	100000
debit_63_0	72.0	-10000	100000
debit_63_1	0.0	-10000	100000
debit_63_2	85.0	-10000	100000
debit_63_3	0.0	-10000	100000
debit_63_4	0.0	-10000	100000
debit_63_5	-85.0	-10000	100000
debit_64_0	0.0	-10000	100000
debit_64_1	0.0	-10000	100000
debit_64_2	0.0	-10000	100000
debit_64_3	0.0	-10000	100000
debit_64_4	0.0	-10000	100000
debit_64_5	-85.0	-10000	100000
debit_65_0	0.0	-10000	100000
debit_65_1	0.0	-10000	100000
debit_65_2	0.0	-10000	100000
debit_65_3	0.0	-10000	100000
debit_65_4	0.0	-10000	100000
debit_65_5	-85.0	-10000	100000
debit_66_0	72.0	-10000	100000
debit_66_1	39.0	-10000	100000
debit_66_2	85.0	-10000	100000
debit_66_3	58.0	-10000	100000
debit_66_4	0.0	-10000	100000
debit_66_5	-85.0	-10000	100000
debit_67_0	72.0	-10000	100000
debit_67_1	39.0	-10000	100000
debit_67_2	85.0	-10000	100000
debit_67_3	58.0	-10000	100000
debit_67_4	0.0	-10000	100000
debit_67_5	-85.0	-10000	100000
debit_68_0	0.0	-10000	100000
debit_68_1	0.0	-10000	100000
debit_68_2	0.0	-10000	100000
debit_68_3	0.0	-10000	100000
debit_68_4	0.0	-10000	100000
debit_68_5	-115.0	-10000	100000
debit_69_0	0.0	-10000	100000
debit_69_1	0.0	-10000	100000
debit_69_2	0.0	-10000	100000
debit_69_3	0.0	-10000	100000
debit_69_4	0.0	-10000	100000
debit_69_5	-115.0	-10000	100000
debit_6_0	0.0	-10000	100000
debit_6_1	0.0	-10000	100000
debit_6_2	0.0	-10000	100000
debit_6_3	0.0	-10000	100000
debit_6_4	0.0	-10000	100000
debit_6_5	-135.0	-10000	100000
debit_70_0	0.0	-10000	100000
debit_70_1	0.0	-10000	100000
debit_70_2	85.0	-10000	100000
debit_70_3	0.0	-10000	100000
debit_70_4	0.0	-10000	100000
debit_70_5	-85.0	-10000	100000
debit_71_0	0.0	-10000	100000
debit_71_1	0.0	-10000	100000
debit_71_2	85.0	-10000	100000
debit_71_3	0.0	-10000	100000
debit_71_4	0.0	-10000	100000
debit_71_5	-85.0	-10000	100000
debit_72_0	0.0	-10000	100000
debit_72_1	0.0	-10000	100000
debit_72_2	85.0	-10000	100000
debit_72_3	0.0	-10000	100000
debit_72_4	0.0	-10000	100000
debit_72_5	-85.0	-10000	100000
debit_73_0	72.0	-10000	100000
debit_73_1	39.0	-10000	100000
debit_73_2	85.0	-10000	100000
debit_73_3	58.0	-10000	100000
debit_73_4	0.0	-10000	100000
debit_73_5	-85.0	-10000	100000
debit_74_0	72.0	-10000	100000
debit_74_1	78.0	-10000	100000
debit_74_2	85.0	-10000	100000
debit_74_3	70.0	-10000	100000
debit_74_4	0.0	-10000	100000
debit_74_5	-85.0	-10000	100000
debit_75_0	72.0	-10000	100000
debit_75_1	78.0	-10000	100000
debit_75_2	85.0	-10000	100000
debit_75_3	70.0	-10000	100000
debit_75_4	0.0	-10000	100000
debit_75_5	-85.0	-10000	100000
debit_76_0	72.0	-10000	100000
debit_76_1	78.0	-10000	100000
debit_76_2	85.0	-10000	100000
debit_76_3	70.0	-10000	100000
debit_76_4	0.0	-10000	100000
debit_76_5	-85.0	-10000	100000
debit_77_0	72.0	-10000	100000
debit_77_1	78.0	-10000	100000
debit_77_2	85.0	-10000	100000
debit_77_3	70.0	-10000	100000
debit_77_4	0.0	-10000	100000
debit_77_5	-85.0	-10000	100000
debit_78_0	0.0	-10000	100000
debit_78_1	0.0	-10000	100000
debit_78_2	0.0	-10000	100000
debit_78_3	0.0	-10000	100000
debit_78_4	0.0	-10000	100000
debit_78_5	-85.0	-10000	100000
debit_79_0	0.0	-10000	100000
debit_79_1	0.0	-10000	100000
debit_79_2	0.0	-10000	100000
debit_79_3	0.0	-10000	100000
debit_79_4	0.0	-10000	100000
debit_79_5	-85.0	-10000	100000
debit_7_0	0.0	-10000	100000
debit_7_1	0.0	-10000	100000
debit_7_2	0.0	-10000	100000
debit_7_3	0.0	-10000	100000
debit_7_4	0.0	-10000	100000
debit_7_5	-135.0	-10000	100000
debit_80_0	0.0	-10000	100000
debit_80_1	0.0	-10000	100000
debit_80_2	0.0	-10000	100000
debit_80_3	0.0	-10000	100000
debit_80_4	0.0	-10000	100000
debit_80_5	-85.0	-10000	100000
debit_81_0	0.0	-10000	100000
debit_81_1	0.0	-10000	100000
debit_81_2	0.0	-10000	100000
debit_81_3	0.0	-10000	100000
debit_81_4	0.0	-10000	100000
debit_81_5	-85.0	-10000	100000
debit_82_0	0.0	-10000	100000
debit_82_1	0.0	-10000	100000
debit_82_2	0.0	-10000	100000
debit_82_3	0.0	-10000	100000
debit_82_4	0.0	-10000	100000
debit_82_5	-85.0	-10000	100000
debit_83_0	72.0	-10000	100000
debit_83_1	39.0	-10000	100000
debit_83_2	85.0	-10000	100000
debit_83_3	70.0	-10000	100000
debit_83_4	0.0	-10000	100000
debit_83_5	-45.0	-10000	100000
debit_84_0	72.0	-10000	100000
debit_84_1	78.0	-10000	100000
debit_84_2	85.0	-10000	100000
debit_84_3	70.0	-10000	100000
debit_84_4	0.0	-10000	100000
debit_84_5	-45.0	-10000	100000
debit_85_0	72.0	-10000	100000
debit_85_1	78.0	-10000	100000
debit_85_2	85.0	-10000	100000
debit_85_3	70.0	-10000	100000
debit_85_4	0.0	-10000	100000
debit_85_5	-85.0	-10000	100000
debit_86_0	72.0	-10000	100000
debit_86_1	78.0	-10000	100000
debit_86_2	85.0	-10000	100000
debit_86_3	70.0	-10000	100000
debit_86_4	0.0	-10000	100000
debit_86_5	-85.0	-10000	100000
debit_87_0	72.0	-10000	100000
debit_87_1	39.0	-10000	100000
debit_87_2	85.0	-10000	100000
debit_87_3	58.0	-10000	100000
debit_87_4	0.0	-10000	100000
debit_87_5	-85.0	-10000	100000
debit_88_0	0.0	-10000	100000
debit_88_1	0.0	-10000	100000
debit_88_2	0.0	-10000	100000
debit_88_3	0.0	-10000	100000
debit_88_4	0.0	-10000	100000
debit_88_5	-115.0	-10000	100000
debit_89_0	0.0	-10000	100000
debit_89_1	0.0	-10000	100000
debit_89_2	0.0	-10000	100000
debit_89_3	0.0	-10000	100000
debit_89_4	0.0	-10000	100000
debit_89_5	-115.0	-10000	100000
debit_8_0	0.0	-10000	100000
debit_8_1	0.0	-10000	100000
debit_8_2	0.0	-10000	100000
debit_8_3	0.0	-10000	100000
debit_8_4	0.0	-10000	100000
debit_8_5	-135.0	-10000	100000
debit_90_0	72.0	-10000	100000
debit_90_1	39.0	-10000	100000
debit_90_2	0.0	-10000	100000
debit_90_3	70.0	-10000	100000
debit_90_4	0.0	-10000	100000
debit_90_5	-85.0	-10000	100000
debit_91_0	72.0	-10000	100000
debit_91_1	78.0	-10000	100000
debit_91_2	85.0	-10000	100000
debit_91_3	70.0	-10000	100000
debit_91_4	0.0	-10000	100000
debit_91_5	-85.0	-10000	100000
debit_92_0	72.0	-10000	100000
debit_92_1	78.0	-10000	100000
debit_92_2	85.0	-10000	100000
debit_92_3	70.0	-10000	100000
debit_92_4	0.0	-10000	100000
debit_92_5	-85.0	-10000	100000
debit_93_0	0.0	-10000	100000
debit_93_1	0.0	-10000	100000
debit_93_2	0.0	-10000	100000
debit_93_3	0.0	-10000	100000
debit_93_4	0.0	-10000	100000
debit_93_5	-135.0	-10000	100000
debit_94_0	0.0	-10000	100000
debit_94_1	0.0	-10000	100000
debit_94_2	0.0	-10000	100000
debit_94_3	0.0	-10000	100000
debit_94_4	0.0	-10000	100000
debit_94_5	-135.0	-10000	100000
debit_95_0	0.0	-10000	100000
debit_95_1	0.0	-10000	100000
debit_95_2	85.0	-10000	100000
debit_95_3	70.0	-10000	100000
debit_95_4	0.0	-10000	100000
debit_95_5	-45.0	-10000	100000
debit_9_0	0.0	-10000	100000
debit_9_1	0.0	-10000	100000
debit_9_2	0.0	-10000	100000
debit_9_3	0.0	-10000	100000
debit_9_4	0.0	-10000	100000
debit_9_5	-135.0	-10000	100000
e_0_0_0	1.0	0	1
e_0_1_0	1.0	0	1
e_0_1_1	1.0	0	1
e_0_1_2	1.0	0	1
e_0_2_0	1.0	0	1
e_0_3_0	1.0	0	1
e_0_3_1	1.0	0	1
e_0_3_2	1.0	0	1
e_0_3_3	1.0	0	1
e_0_3_4	1.0	0	1
e_0_3_5	1.0	0	1
e_0_4_0	1.0	0	1
e_0_4_1	1.0	0	1
e_0_4_2	1.0	0	1
e_0_4_3	1.0	0	1
e_0_5_0	0.0	0	1
e_0_5_1	0.0	0	1
e_0_5_2	0.0	0	1
e_0_5_3	0.0	0	1
e_10_0_0	0.0	0	1
e_10_1_0	0.0	0	1
e_10_1_1	0.0	0	1
e_10_1_2	0.0	0	1
e_10_2_0	0.0	0	1
e_10_3_0	0.0	0	1
e_10_3_1	0.0	0	1
e_10_3_2	0.0	0	1
e_10_3_3	0.0	0	1
e_10_3_4	0.0	0	1
e_10_3_5	0.0	0	1
e_10_4_0	0.0	0	1
e_10_4_1	0.0	0	1
e_10_4_2	0.0	0	1
e_10_4_3	0.0	0	1
e_10_5_0	1.0	0	1
e_10_5_1	1.0	0	1
e_10_5_2	1.0	0	1
e_10_5_3	0.0	0	1
e_11_0_0	0.0	0	1
e_11_1_0	0.0	0	1
e_11_1_1	0.0	0	1
e_11_1_2	0.0	0	1
e_11_2_0	0.0	0	1
e_11_3_0	0.0	0	1
e_11_3_1	0.0	0	1
e_11_3_2	0.0	0	1
e_11_3_3	0.0	0	1
e_11_3_4	0.0	0	1
e_11_3_5	0.0	0	1
e_11_4_0	0.0	0	1
e_11_4_1	0.0	0	1
e_11_4_2	0.0	0	1
e_11_4_3	0.0	0	1
e_11_5_0	1.0	0	1
e_11_5_1	1.0	0	1
e_11_5_2	1.0	0	1
e_11_5_3	0.0	0	1
e_12_0_0	1.0	0	1
e_12_1_0	1.0	0	1
e_12_1_1	0.0	0	1
e_12_1_2	0.0	0	1
e_12_2_0	1.0	0	1
e_12_3_0	0.0	0	1
e_12_3_1	0.0	0	1
e_12_3_2	0.0	0	1
e_12_3_3	0.0	0	1
e_12_3_4	0.0	0	1
e_12_3_5	0.0	0	1
e_12_4_0	0.0	0	1
e_12_4_1	0.0	0	1
e_12_4_2	0.0	0	1
e_12_4_3	0.0	0	1
e_12_5_0	1.0	0	1
e_12_5_1	1.0	0	1
e_12_5_2	0.0	0	1
e_12_5_3	0.0	0	1
e_13_0_0	1.0	0	1
e_13_1_0	1.0	0	1
e_13_1_1	1.0	0	1
e_13_1_2	0.0	0	1
e_13_2_0	1.0	0	1
e_13_3_0	1.0	0	1
e_13_3_1	1.0	0	1
e_13_3_2	1.0	0	1
e_13_3_3	1.0	0	1
e_13_3_4	1.0	0	1
e_13_3_5	1.0	0	1
e_13_4_0	0.0	0	1
e_13_4_1	0.0	0	1
e_13_4_2	0.0	0	1
e_13_4_3	0.0	0	1
e_13_5_0	1.0	0	1
e_13_5_1	1.0	0	1
e_13_5_2	0.0	0	1
e_13_5_3	0.0	0	1
e_14_0_0	1.0	0	1
e_14_1_0	1.0	0	1
e_14_1_1	1.0	0	1
e_14_1_2	0.0	0	1
e_14_2_0	1.0	0	1
e_14_3_0	1.0	0	1
e_14_3_1	1.0	0	1
e_14_3_2	1.0	0	1
e_14_3_3	1.0	0	1
e_14_3_4	1.0	0	1
e_14_3_5	1.0	0	1
e_14_4_0	0.0	0	1
e_14_4_1	0.0	0	1
e_14_4_2	0.0	0	1
e_14_4_3	0.0	0	1
e_14_5_0	1.0	0	1
e_14_5_1	1.0	0	1
e_14_5_2	0.0	0	1
e_14_5_3	0.0	0	1
e_15_0_0	0.0	0	1
e_15_1_0	0.0	0	1
e_15_1_1	0.0	0	1
e_15_1_2	0.0	0	1
e_15_2_0	0.0	0	1
e_15_3_0	0.0	0	1
e_15_3_1	0.0	0	1
e_15_3_2	0.0	0	1
e_15_3_3	0.0	0	1
e_15_3_4	0.0	0	1
e_15_3_5	0.0	0	1
e_15_4_0	0.0	0	1
e_15_4_1	0.0	0	1
e_15_4_2	0.0	0	1
e_15_4_3	0.0	0	1
e_15_5_0	1.0	0	1
e_15_5_1	1.0	0	1
e_15_5_2	1.0	0	1
e_15_5_3	0.0	0	1
e_16_0_0	0.0	0	1
e_16_1_0	0.0	0	1
e_16_1_1	0.0	0	1
e_16_1_2	0.0	0	1
e_16_2_0	0.0	0	1
e_16_3_0	0.0	0	1
e_16_3_1	0.0	0	1
e_16_3_2	0.0	0	1
e_16_3_3	0.0	0	1
e_16_3_4	0.0	0	1
e_16_3_5	0.0	0	1
e_16_4_0	0.0	0	1
e_16_4_1	0.0	0	1
e_16_4_2	0.0	0	1
e_16_4_3	0.0	0	1
e_16_5_0	1.0	0	1
e_16_5_1	1.0	0	1
e_16_5_2	1.0	0	1
e_16_5_3	0.0	0	1
e_17_0_0	1.0	0	1
e_17_1_0	1.0	0	1
e_17_1_1	0.0	0	1
e_17_1_2	0.0	0	1
e_17_2_0	1.0	0	1
e_17_3_0	1.0	0	1
e_17_3_1	1.0	0	1
e_17_3_2	0.0	0	1
e_17_3_3	0.0	0	1
e_17_3_4	0.0	0	1
e_17_3_5	0.0	0	1
e_17_4_0	0.0	0	1
e_17_4_1	0.0	0	1
e_17_4_2	0.0	0	1
e_17_4_3	0.0	0	1
e_17_5_0	1.0	0	1
e_17_5_1	1.0	0	1
e_17_5_2	0.0	0	1
e_17_5_3	0.0	0	1
e_18_0_0	1.0	0	1
e_18_1_0	1.0	0	1
e_18_1_1	1.0	0	1
e_18_1_2	0.0	0	1
e_18_2_0	1.0	0	1
e_18_3_0	1.0	0	1
e_18_3_1	1.0	0	1
e_18_3_2	1.0	0	1
e_18_3_3	1.0	0	1
e_18_3_4	1.0	0	1
e_18_3_5	1.0	0	1
e_18_4_0	0.0	0	1
e_18_4_1	0.0	0	1
e_18_4_2	0.0	0	1
e_18_4_3	0.0	0	1
e_18_5_0	0.0	0	1
e_18_5_1	0.0	0	1
e_18_5_2	0.0	0	1
e_18_5_3	0.0	0	1
e_19_0_0	1.0	0	1
e_19_1_0	1.0	0	1
e_19_1_1	1.0	0	1
e_19_1_2	1.0	0	1
e_19_2_0	1.0	0	1
e_19_3_0	1.0	0	1
e_19_3_1	1.0	0	1
e_19_3_2	1.0	0	1
e_19_3_3	1.0	0	1
e_19_3_4	1.0	0	1
e_19_3_5	1.0	0	1
e_19_4_0	0.0	0	1
e_19_4_1	0.0	0	1
e_19_4_2	0.0	0	1
e_19_4_3	0.0	0	1
e_19_5_0	0.0	0	1
e_19_5_1	0.0	0	1
e_19_5_2	0.0	0	1
e_19_5_3	0.0	0	1
e_1_0_0	0.0	0	1
e_1_1_0	0.0	0	1
e_1_1_1	0.0	0	1
e_1_1_2	0.0	0	1
e_1_2_0	1.0	0	1
e_1_3_0	0.0	0	1
e_1_3_1	0.0	0	1
e_1_3_2	0.0	0	1
e_1_3_3	0.0	0	1
e_1_3_4	0.0	0	1
e_1_3_5	0.0	0	1
e_1_4_0	0.0	0	1
e_1_4_1	0.0	0	1
e_1_4_2	0.0	0	1
e_1_4_3	0.0	0	1
e_1_5_0	1.0	0	1
e_1_5_1	1.0	0	1
e_1_5_2	0.0	0	1
e_1_5_3	0.0	0	1
e_20_0_0	1.0	0	1
e_20_1_0	1.0	0	1
e_20_1_1	1.0	0	1
e_20_1_2	1.0	0	1
e_20_2_0	1.0	0	1
e_20_3_0	1.0	0	1
e_20_3_1	1.0	0	1
e_20_3_2	1.0	0	1
e_20_3_3	1.0	0	1
e_20_3_4	1.0	0	1
e_20_3_5	1.0	0	1
e_20_4_0	1.0	0	1
e_20_4_1	1.0	0	1
e_20_4_2	1.0	0	1
e_20_4_3	1.0	0	1
e_20_5_0	0.0	0	1
e_20_5_1	0.0	0	1
e_20_5_2	0.0	0	1
e_20_5_3	0.0	0	1
e_21_0_0	1.0	0	1
e_21_1_0	1.0	0	1
e_21_1_1	1.0	0	1
e_21_1_2	1.0	0	1
e_21_2_0	1.0	0	1
e_21_3_0	1.0	0	1
e_21_3_1	1.0	0	1
e_21_3_2	1.0	0	1
e_21_3_3	1.0	0	1
e_21_3_4	1.0	0	1
e_21_3_5	1.0	0	1
e_21_4_0	1.0	0	1
e_21_4_1	1.0	0	1
e_21_4_2	1.0	0	1
e_21_4_3	1.0	0	1
e_21_5_0	0.0	0	1
e_21_5_1	0.0	0	1
e_21_5_2	0.0	0	1
e_21_5_3	0.0	0	1
e_22_0_0	1.0	0	1
e_22_1_0	1.0	0	1
e_22_1_1	1.0	0	1
e_22_1_2	1.0	0	1
e_22_2_0	1.0	0	1
e_22_3_0	1.0	0	1
e_22_3_1	1.0	0	1
e_22_3_2	1.0	0	1
e_22_3_3	1.0	0	1
e_22_3_4	1.0	0	1
e_22_3_5	1.0	0	1
e_22_4_0	1.0	0	1
e_22_4_1	1.0	0	1
e_22_4_2	1.0	0	1
e_22_4_3	1.0	0	1
e_22_5_0	0.0	0	1
e_22_5_1	0.0	0	1
e_22_5_2	0.0	0	1
e_22_5_3	0.0	0	1
e_23_0_0	1.0	0	1
e_23_1_0	1.0	0	1
e_23_1_1	1.0	0	1
e_23_1_2	1.0	0	1
e_23_2_0	1.0	0	1
e_23_3_0	1.0	0	1
e_23_3_1	1.0	0	1
e_23_3_2	1.0	0	1
e_23_3_3	1.0	0	1
e_23_3_4	1.0	0	1
e_23_3_5	1.0	0	1
e_23_4_0	1.0	0	1
e_23_4_1	1.0	0	1
e_23_4_2	1.0	0	1
e_23_4_3	1.0	0	1
e_23_5_0	0.0	0	1
e_23_5_1	0.0	0	1
e_23_5_2	0.0	0	1
e_23_5_3	0.0	0	1
e_24_0_0	1.0	0	1
e_24_1_0	1.0	0	1
e_24_1_1	1.0	0	1
e_24_1_2	1.0	0	1
e_24_2_0	1.0	0	1
e_24_3_0	1.0	0	1
e_24_3_1	1.0	0	1
e_24_3_2	1.0	0	1
e_24_3_3	1.0	0	1
e_24_3_4	1.0	0	1
e_24_3_5	1.0	0	1
e_24_4_0	0.0	0	1
e_24_4_1	0.0	0	1
e_24_4_2	0.0	0	1
e_24_4_3	0.0	0	1
e_24_5_0	0.0	0	1
e_24_5_1	0.0	0	1
e_24_5_2	0.0	0	1
e_24_5_3	0.0	0	1
e_25_0_0	1.0	0	1
e_25_1_0	0.0	0	1
e_25_1_1	0.0	0	1
e_25_1_2	0.0	0	1
e_25_2_0	1.0	0	1
e_25_3_0	1.0	0	1
e_25_3_1	1.0	0	1
e_25_3_2	0.0	0	1
e_25_3_3	0.0	0	1
e_25_3_4	0.0	0	1
e_25_3_5	0.0	0	1
e_25_4_0	0.0	0	1
e_25_4_1	0.0	0	1
e_25_4_2	0.0	0	1
e_25_4_3	0.0	0	1
e_25_5_0	1.0	0	1
e_25_5_1	1.0	0	1
e_25_5_2	0.0	0	1
e_25_5_3	0.0	0	1
e_26_0_0	1.0	0	1
e_26_1_0	0.0	0	1
e_26_1_1	0.0	0	1
e_26_1_2	0.0	0	1
e_26_2_0	1.0	0	1
e_26_3_0	1.0	0	1
e_26_3_1	1.0	0	1
e_26_3_2	0.0	0	1
e_26_3_3	0.0	0	1
e_26_3_4	0.0	0	1
e_26_3_5	0.0	0	1
e_26_4_0	0.0	0	1
e_26_4_1	0.0	0	1
e_26_4_2	0.0	0	1
e_26_4_3	0.0	0	1
e_26_5_0	1.0	0	1
e_26_5_1	1.0	0	1
e_26_5_2	0.0	0	1
e_26_5_3	0.0	0	1
e_27_0_0	0.0	0	1
e_27_1_0	0.0	0	1
e_27_1_1	0.0	0	1
e_27_1_2	0.0	0	1
e_27_2_0	0.0	0	1
e_27_3_0	0.0	0	1
e_27_3_1	0.0	0	1
e_27_3_2	0.0	0	1
e_27_3_3	0.0	0	1
e_27_3_4	0.0	0	1
e_27_3_5	0.0	0	1
e_27_4_0	0.0	0	1
e_27_4_1	0.0	0	1
e_27_4_2	0.0	0	1
e_27_4_3	0.0	0	1
e_27_5_0	1.0	0	1
e_27_5_1	1.0	0	1
e_27_5_2	1.0	0	1
e_27_5_3	0.0	0	1
e_28_0_0	0.0	0	1
e_28_1_0	0.0	0	1
e_28_1_1	0.0	0	1
e_28_1_2	0.0	0	1
e_28_2_0	0.0	0	1
e_28_3_0	0.0	0	1
e_28_3_1	0.0	0	1
e_28_3_2	0.0	0	1
e_28_3_3	0.0	0	1
e_28_3_4	0.0	0	1
e_28_3_5	0.0	0	1
e_28_4_0	0.0	0	1
e_28_4_1	0.0	0	1
e_28_4_2	0.0	0	1
e_28_4_3	0.0	0	1
e_28_5_0	1.0	0	1
e_28_5_1	1.0	0	1
e_28_5_2	1.0	0	1
e_28_5_3	0.0	0	1
e_29_0_0	1.0	0	1
e_29_1_0	1.0	0	1
e_29_1_1	0.0	0	1
e_29_1_2	0.0	0	1
e_29_2_0	1.0	0	1
e_29_3_0	1.0	0	1
e_29_3_1	1.0	0	1
e_29_3_2	1.0	0	1
e_29_3_3	1.0	0	1
e_29_3_4	1.0	0	1
e_29_3_5	0.0	0	1
e_29_4_0	0.0	0	1
e_29_4_1	0.0	0	1
e_29_4_2	0.0	0	1
e_29_4_3	0.0	0	1
e_29_5_0	1.0	0	1
e_29_5_1	1.0	0	1
e_29_5_2	0.0	0	1
e_29_5_3	0.0	0	1
e_2_0_0	0.0	0	1
e_2_1_0	0.0	0	1
e_2_1_1	0.0	0	1
e_2_1_2	0.0	0	1
e_2_2_0	1.0	0	1
e_2_3_0	0.0	0	1
e_2_3_1	0.0	0	1
e_2_3_2	0.0	0	1
e_2_3_3	0.0	0	1
e_2_3_4	0.0	0	1
e_2_3_5	0.0	0	1
e_2_4_0	0.0	0	1
e_2_4_1	0.0	0	1
e_2_4_2	0.0	0	1
e_2_4_3	0.0	0	1
e_2_5_0	1.0	0	1
e_2_5_1	1.0	0	1
e_2_5_2	0.0	0	1
e_2_5_3	0.0	0	1
e_30_0_0	1.0	0	1
e_30_1_0	1.0	0	1
e_30_1_1	0.0	0	1
e_30_1_2	0.0	0	1
e_30_2_0	1.0	0	1
e_30_3_0	1.0	0	1
e_30_3_1	1.0	0	1
e_30_3_2	1.0	0	1
e_30_3_3	1.0	0	1
e_30_3_4	1.0	0	1
e_30_3_5	0.0	0	1
e_30_4_0	0.0	0	1
e_30_4_1	0.0	0	1
e_30_4_2	0.0	0	1
e_30_4_3	0.0	0	1
e_30_5_0	1.0	0	1
e_30_5_1	1.0	0	1
e_30_5_2	0.0	0	1
e_30_5_3	0.0	0	1
e_31_0_0	0.0	0	1
e_31_1_0	0.0	0	1
e_31_1_1	0.0	0	1
e_31_1_2	0.0	0	1
e_31_2_0	0.0	0	1
e_31_3_0	0.0	0	1
e_31_3_1	0.0	0	1
e_31_3_2	0.0	0	1
e_31_3_3	0.0	0	1
e_31_3_4	0.0	0	1
e_31_3_5	0.0	0	1
e_31_4_0	0.0	0	1
e_31_4_1	0.0	0	1
e_31_4_2	0.0	0	1
e_31_4_3	0.0	0	1
e_31_5_0	1.0	0	1
e_31_5_1	1.0	0	1
e_31_5_2	0.0	0	1
e_31_5_3	0.0	0	1
e_32_0_0	0.0	0	1
e_32_1_0	0.0	0	1
e_32_1_1	0.0	0	1
e_32_1_2	0.0	0	1
e_32_2_0	0.0	0	1
e_32_3_0	0.0	0	1
e_32_3_1	0.0	0	1
e_32_3_2	0.0	0	1
e_32_3_3	0.0	0	1
e_32_3_4	0.0	0	1
e_32_3_5	0.0	0	1
e_32_4_0	0.0	0	1
e_32_4_1	0.0	0	1
e_32_4_2	0.0	0	1
e_32_4_3	0.0	0	1
e_32_5_0	1.0	0	1
e_32_5_1	1.0	0	1
e_32_5_2	0.0	0	1
e_32_5_3	0.0	0	1
e_33_0_0	0.0	0	1
e_33_1_0	0.0	0	1
e_33_1_1	0.0	0	1
e_33_1_2	0.0	0	1
e_33_2_0	0.0	0	1
e_33_3_0	0.0	0	1
e_33_3_1	0.0	0	1
e_33_3_2	0.0	0	1
e_33_3_3	0.0	0	1
e_33_3_4	0.0	0	1
e_33_3_5	0.0	0	1
e_33_4_0	0.0	0	1
e_33_4_1	0.0	0	1
e_33_4_2	0.0	0	1
e_33_4_3	0.0	0	1
e_33_5_0	1.0	0	1
e_33_5_1	1.0	0	1
e_33_5_2	1.0	0	1
e_33_5_3	0.0	0	1
e_34_0_0	0.0	0	1
e_34_1_0	0.0	0	1
e_34_1_1	0.0	0	1
e_34_1_2	0.0	0	1
e_34_2_0	0.0	0	1
e_34_3_0	0.0	0	1
e_34_3_1	0.0	0	1
e_34_3_2	0.0	0	1
e_34_3_3	0.0	0	1
e_34_3_4	0.0	0	1
e_34_3_5	0.0	0	1
e_34_4_0	0.0	0	1
e_34_4_1	0.0	0	1
e_34_4_2	0.0	0	1
e_34_4_3	0.0	0	1
e_34_5_0	1.0	0	1
e_34_5_1	1.0	0	1
e_34_5_2	1.0	0	1
e_34_5_3	0.0	0	1
e_35_0_0	0.0	0	1
e_35_1_0	1.0	0	1
e_35_1_1	0.0	0	1
e_35_1_2	0.0	0	1
e_35_2_0	0.0	0	1
e_35_3_0	0.0	0	1
e_35_3_1	0.0	0	1
e_35_3_2	0.0	0	1
e_35_3_3	0.0	0	1
e_35_3_4	0.0	0	1
e_35_3_5	0.0	0	1
e_35_4_0	0.0	0	1
e_35_4_1	0.0	0	1
e_35_4_2	0.0	0	1
e_35_4_3	0.0	0	1
e_35_5_0	1.0	0	1
e_35_5_1	1.0	0	1
e_35_5_2	1.0	0	1
e_35_5_3	0.0	0	1
e_36_0_0	1.0	0	1
e_36_1_0	1.0	0	1
e_36_1_1	1.0	0	1
e_36_1_2	0.0	0	1
e_36_2_0	1.0	0	1
e_36_3_0	1.0	0	1
e_36_3_1	1.0	0	1
e_36_3_2	1.0	0	1
e_36_3_3	1.0	0	1
e_36_3_4	1.0	0	1
e_36_3_5	1.0	0	1
e_36_4_0	0.0	0	1
e_36_4_1	0.0	0	1
e_36_4_2	0.0	0	1
e_36_4_3	0.0	0	1
e_36_5_0	1.0	0	1
e_36_5_1	0.0	0	1
e_36_5_2	0.0	0	1
e_36_5_3	0.0	0	1
e_37_0_0	1.0	0	1
e_37_1_0	1.0	0	1
e_37_1_1	1.0	0	1
e_37_1_2	0.0	0	1
e_37_2_0	1.0	0	1
e_37_3_0	1.0	0	1
e_37_3_1	1.0	0	1
e_37_3_2	1.0	0	1
e_37_3_3	1.0	0	1
e_37_3_4	1.0	0	1
e_37_3_5	1.0	0	1
e_37_4_0	0.0	0	1
e_37_4_1	0.0	0	1
e_37_4_2	0.0	0	1
e_37_4_3	0.0	0	1
e_37_5_0	1.0	0	1
e_37_5_1	0.0	0	1
e_37_5_2	0.0	0	1
e_37_5_3	0.0	0	1
e_38_0_0	1.0	0	1
e_38_1_0	1.0	0	1
e_38_1_1	1.0	0	1
e_38_1_2	0.0	0	1
e_38_2_0	1.0	0	1
e_38_3_0	1.0	0	1
e_38_3_1	1.0	0	1
e_38_3_2	1.0	0	1
e_38_3_3	1.0	0	1
e_38_3_4	1.0	0	1
e_38_3_5	1.0	0	1
e_38_4_0	0.0	0	1
e_38_4_1	0.0	0	1
e_38_4_2	0.0	0	1
e_38_4_3	0.0	0	1
e_38_5_0	1.0	0	1
e_38_5_1	1.0	0	1
e_38_5_2	0.0	0	1
e_38_5_3	0.0	0	1
e_39_0_0	0.0	0	1
e_39_1_0	0.0	0	1
e_39_1_1	0.0	0	1
e_39_1_2	0.0	0	1
e_39_2_0	0.0	0	1
e_39_3_0	0.0	0	1
e_39_3_1	0.0	0	1
e_39_3_2	0.0	0	1
e_39_3_3	0.0	0	1
e_39_3_4	0.0	0	1
e_39_3_5	0.0	0	1
e_39_4_0	0.0	0	1
e_39_4_1	0.0	0	1
e_39_4_2	0.0	0	1
e_39_4_3	0.0	0	1
e_39_5_0	1.0	0	1
e_39_5_1	1.0	0	1
e_39_5_2	0.0	0	1
e_39_5_3	0.0	0	1
e_3_0_0	1.0	0	1
e_3_1_0	0.0	0	1
e_3_1_1	0.0	0	1
e_3_1_2	0.0	0	1
e_3_2_0	1.0	0	1
e_3_3_0	0.0	0	1
e_3_3_1	0.0	0	1
e_3_3_2	0.0	0	1
e_3_3_3	0.0	0	1
e_3_3_4	0.0	0	1
e_3_3_5	0.0	0	1
e_3_4_0	0.0	0	1
e_3_4_1	0.0	0	1
e_3_4_2	0.0	0	1
e_3_4_3	0.0	0	1
e_3_5_0	1.0	0	1
e_3_5_1	1.0	0	1
e_3_5_2	0.0	0	1
e_3_5_3	0.0	0	1
e_40_0_0	0.0	0	1
e_40_1_0	0.0	0	1
e_40_1_1	0.0	0	1
e_40_1_2	0.0	0	1
e_40_2_0	0.0	0	1
e_40_3_0	0.0	0	1
e_40_3_1	0.0	0	1
e_40_3_2	0.0	0	1
e_40_3_3	0.0	0	1
e_40_3_4	0.0	0	1
e_40_3_5	0.0	0	1
e_40_4_0	0.0	0	1
e_40_4_1	0.0	0	1
e_40_4_2	0.0	0	1
e_40_4_3	0.0	0	1
e_40_5_0	1.0	0	1
e_40_5_1	1.0	0	1
e_40_5_2	0.0	0	1
e_40_5_3	0.0	0	1
e_41_0_0	0.0	0	1
e_41_1_0	0.0	0	1
e_41_1_1	0.0	0	1
e_41_1_2	0.0	0	1
e_41_2_0	0.0	0	1
e_41_3_0	0.0	0	1
e_41_3_1	0.0	0	1
e_41_3_2	0.0	0	1
e_41_3_3	0.0	0	1
e_41_3_4	0.0	0	1
e_41_3_5	0.0	0	1
e_41_4_0	0.0	0	1
e_41_4_1	0.0	0	1
e_41_4_2	0.0	0	1
e_41_4_3	0.0	0	1
e_41_5_0	1.0	0	1
e_41_5_1	1.0	0	1
e_41_5_2	1.0	0	1
e_41_5_3	1.0	0	1
e_42_0_0	0.0	0	1
e_42_1_0	0.0	0	1
e_42_1_1	0.0	0	1
e_42_1_2	0.0	0	1
e_42_2_0	0.0	0	1
e_42_3_0	0.0	0	1
e_42_3_1	0.0	0	1
e_42_3_2	0.0	0	1
e_42_3_3	0.0	0	1
e_42_3_4	0.0	0	1
e_42_3_5	0.0	0	1
e_42_4_0	0.0	0	1
e_42_4_1	0.0	0	1
e_42_4_2	0.0	0	1
e_42_4_3	0.0	0	1
e_42_5_0	1.0	0	1
e_42_5_1	1.0	0	1
e_42_5_2	1.0	0	1
e_42_5_3	1.0	0	1
e_43_0_0	0.0	0	1
e_43_1_0	0.0	0	1
e_43_1_1	0.0	0	1
e_43_1_2	0.0	0	1
e_43_2_0	0.0	0	1
e_43_3_0	0.0	0	1
e_43_3_1	0.0	0	1
e_43_3_2	0.0	0	1
e_43_3_3	0.0	0	1
e_43_3_4	0.0	0	1
e_43_3_5	0.0	0	1
e_43_4_0	0.0	0	1
e_43_4_1	0.0	0	1
e_43_4_2	0.0	0	1
e_43_4_3	0.0	0	1
e_43_5_0	1.0	0	1
e_43_5_1	1.0	0	1
e_43_5_2	1.0	0	1
e_43_5_3	1.0	0	1
e_44_0_0	0.0	0	1
e_44_1_0	0.0	0	1
e_44_1_1	0.0	0	1
e_44_1_2	0.0	0	1
e_44_2_0	0.0	0	1
e_44_3_0	0.0	0	1
e_44_3_1	0.0	0	1
e_44_3_2	0.0	0	1
e_44_3_3	0.0	0	1
e_44_3_4	0.0	0	1
e_44_3_5	0.0	0	1
e_44_4_0	0.0	0	1
e_44_4_1	0.0	0	1
e_44_4_2	0.0	0	1
e_44_4_3	0.0	0	1
e_44_5_0	1.0	0	1
e_44_5_1	1.0	0	1
e_44_5_2	1.0	0	1
e_44_5_3	1.0	0	1
e_45_0_0	0.0	0	1
e_45_1_0	0.0	0	1
e_45_1_1	0.0	0	1
e_45_1_2	0.0	0	1
e_45_2_0	0.0	0	1
e_45_3_0	0.0	0	1
e_45_3_1	0.0	0	1
e_45_3_2	0.0	0	1
e_45_3_3	0.0	0	1
e_45_3_4	0.0	0	1
e_45_3_5	0.0	0	1
e_45_4_0	0.0	0	1
e_45_4_1	0.0	0	1
e_45_4_2	0.0	0	1
e_45_4_3	0.0	0	1
e_45_5_0	1.0	0	1
e_45_5_1	1.0	0	1
e_45_5_2	1.0	0	1
e_45_5_3	1.0	0	1
e_46_0_0	0.0	0	1
e_46_1_0	0.0	0	1
e_46_1_1	0.0	0	1
e_46_1_2	0.0	0	1
e_46_2_0	0.0	0	1
e_46_3_0	0.0	0	1
e_46_3_1	0.0	0	1
e_46_3_2	0.0	0	1
e_46_3_3	0.0	0	1
e_46_3_4	0.0	0	1
e_46_3_5	0.0	0	1
e_46_4_0	0.0	0	1
e_46_4_1	0.0	0	1
e_46_4_2	0.0	0	1
e_46_4_3	0.0	0	1
e_46_5_0	1.0	0	1
e_46_5_1	1.0	0	1
e_46_5_2	1.0	0	1
e_46_5_3	0.0	0	1
e_47_0_0	0.0	0	1
e_47_1_0	0.0	0	1
e_47_1_1	0.0	0	1
e_47_1_2	0.0	0	1
e_47_2_0	0.0	0	1
e_47_3_0	0.0	0	1
e_47_3_1	0.0	0	1
e_47_3_2	0.0	0	1
e_47_3_3	0.0	0	1
e_47_3_4	0.0	0	1
e_47_3_5	0.0	0	1
e_47_4_0	0.0	0	1
e_47_4_1	0.0	0	1
e_47_4_2	0.0	0	1
e_47_4_3	0.0	0	1
e_47_5_0	1.0	0	1
e_47_5_1	1.0	0	1
e_47_5_2	1.0	0	1
e_47_5_3	0.0	0	1
e_48_0_0	0.0	0	1
e_48_1_0	0.0	0	1
e_48_1_1	0.0	0	1
e_48_1_2	0.0	0	1
e_48_2_0	0.0	0	1
e_48_3_0	0.0	0	1
e_48_3_1	0.0	0	1
e_48_3_2	0.0	0	1
e_48_3_3	0.0	0	1
e_48_3_4	0.0	0	1
e_48_3_5	0.0	0	1
e_48_4_0	0.0	0	1
e_48_4_1	0.0	0	1
e_48_4_2	0.0	0	1
e_48_4_3	0.0	0	1
e_48_5_0	1.0	0	1
e_48_5_1	1.0	0	1
e_48_5_2	0.0	0	1
e_48_5_3	0.0	0	1
e_49_0_0	0.0	0	1
e_49_1_0	0.0	0	1
e_49_1_1	0.0	0	1
e_49_1_2	0.0	0	1
e_49_2_0	0.0	0	1
e_49_3_0	0.0	0	1
e_49_3_1	0.0	0	1
e_49_3_2	0.0	0	1
e_49_3_3	0.0	0	1
e_49_3_4	0.0	0	1
e_49_3_5	0.0	0	1
e_49_4_0	0.0	0	1
e_49_4_1	0.0	0	1
e_49_4_2	0.0	0	1
e_49_4_3	0.0	0	1
e_49_5_0	1.0	0	1
e_49_5_1	1.0	0	1
e_49_5_2	0.0	0	1
e_49_5_3	0.0	0	1
e_4_0_0	1.0	0	1
e_4_1_0	0.0	0	1
e_4_1_1	0.0	0	1
e_4_1_2	0.0	0	1
e_4_2_0	1.0	0	1
e_4_3_0	0.0	0	1
e_4_3_1	0.0	0	1
e_4_3_2	0.0	0	1
e_4_3_3	0.0	0	1
e_4_3_4	0.0	0	1
e_4_3_5	0.0	0	1
e_4_4_0	0.0	0	1
e_4_4_1	0.0	0	1
e_4_4_2	0.0	0	1
e_4_4_3	0.0	0	1
e_4_5_0	1.0	0	1
e_4_5_1	1.0	0	1
e_4_5_2	0.0	0	1
e_4_5_3	0.0	0	1
e_50_0_0	0.0	0	1
e_50_1_0	0.0	0	1
e_50_1_1	0.0	0	1
e_50_1_2	0.0	0	1
e_50_2_0	0.0	0	1
e_50_3_0	0.0	0	1
e_50_3_1	0.0	0	1
e_50_3_2	0.0	0	1
e_50_3_3	0.0	0	1
e_50_3_4	0.0	0	1
e_50_3_5	0.0	0	1
e_50_4_0	0.0	0	1
e_50_4_1	0.0	0	1
e_50_4_2	0.0	0	1
e_50_4_3	0.0	0	1
e_50_5_0	1.0	0	1
e_50_5_1	1.0	0	1
e_50_5_2	0.0	0	1
e_50_5_3	0.0	0	1
e_51_0_0	0.0	0	1
e_51_1_0	0.0	0	1
e_51_1_1	0.0	0	1
e_51_1_2	0.0	0	1
e_51_2_0	0.0	0	1
e_51_3_0	0.0	0	1
e_51_3_1	0.0	0	1
e_51_3_2	0.0	0	1
e_51_3_3	0.0	0	1
e_51_3_4	0.0	0	1
e_51_3_5	0.0	0	1
e_51_4_0	0.0	0	1
e_51_4_1	0.0	0	1
e_51_4_2	0.0	0	1
e_51_4_3	0.0	0	1
e_51_5_0	1.0	0	1
e_51_5_1	1.0	0	1
e_51_5_2	1.0	0	1
e_51_5_3	0.0	0	1
e_52_0_0	0.0	0	1
e_52_1_0	0.0	0	1
e_52_1_1	0.0	0	1
e_52_1_2	0.0	0	1
e_52_2_0	0.0	0	1
e_52_3_0	0.0	0	1
e_52_3_1	0.0	0	1
e_52_3_2	0.0	0	1
e_52_3_3	0.0	0	1
e_52_3_4	0.0	0	1
e_52_3_5	0.0	0	1
e_52_4_0	0.0	0	1
e_52_4_1	0.0	0	1
e_52_4_2	0.0	0	1
e_52_4_3	0.0	0	1
e_52_5_0	1.0	0	1
e_52_5_1	1.0	0	1
e_52_5_2	1.0	0	1
e_52_5_3	0.0	0	1
e_53_0_0	0.0	0	1
e_53_1_0	0.0	0	1
e_53_1_1	0.0	0	1
e_53_1_2	0.0	0	1
e_53_2_0	0.0	0	1
e_53_3_0	0.0	0	1
e_53_3_1	0.0	0	1
e_53_3_2	0.0	0	1
e_53_3_3	0.0	0	1
e_53_3_4	0.0	0	1
e_53_3_5	0.0	0	1
e_53_4_0	0.0	0	1
e_53_4_1	0.0	0	1
e_53_4_2	0.0	0	1
e_53_4_3	0.0	0	1
e_53_5_0	1.0	0	1
e_53_5_1	1.0	0	1
e_53_5_2	0.0	0	1
e_53_5_3	0.0	0	1
e_54_0_0	0.0	0	1
e_54_1_0	1.0	0	1
e_54_1_1	0.0	0	1
e_54_1_2	0.0	0	1
e_54_2_0	0.0	0	1
e_54_3_0	0.0	0	1
e_54_3_1	0.0	0	1
e_54_3_2	0.0	0	1
e_54_3_3	0.0	0	1
e_54_3_4	0.0	0	1
e_54_3_5	0.0	0	1
e_54_4_0	0.0	0	1
e_54_4_1	0.0	0	1
e_54_4_2	0.0	0	1
e_54_4_3	0.0	0	1
e_54_5_0	1.0	0	1
e_54_5_1	1.0	0	1
e_54_5_2	0.0	0	1
e_54_5_3	0.0	0	1
e_55_0_0	1.0	0	1
e_55_1_0	1.0	0	1
e_55_1_1	1.0	0	1
e_55_1_2	0.0	0	1
e_55_2_0	1.0	0	1
e_55_3_0	1.0	0	1
e_55_3_1	1.0	0	1
e_55_3_2	1.0	0	1
e_55_3_3	1.0	0	1
e_55_3_4	1.0	0	1
e_55_3_5	1.0	0	1
e_55_4_0	0.0	0	1
e_55_4_1	0.0	0	1
e_55_4_2	0.0	0	1
e_55_4_3	0.0	0	1
e_55_5_0	0.0	0	1
e_55_5_1	0.0	0	1
e_55_5_2	0.0	0	1
e_55_5_3	0.0	0	1
e_56_0_0	1.0	0	1
e_56_1_0	1.0	0	1
e_56_1_1	1.0	0	1
e_56_1_2	0.0	0	1
e_56_2_0	1.0	0	1
e_56_3_0	1.0	0	1
e_56_3_1	1.0	0	1
e_56_3_2	1.0	0	1
e_56_3_3	1.0	0	1
e_56_3_4	1.0	0	1
e_56_3_5	1.0	0	1
e_56_4_0	0.0	0	1
e_56_4_1	0.0	0	1
e_56_4_2	0.0	0	1
e_56_4_3	0.0	0	1
e_56_5_0	0.0	0	1
e_56_5_1	0.0	0	1
e_56_5_2	0.0	0	1
e_56_5_3	0.0	0	1
e_57_0_0	1.0	0	1
e_57_1_0	1.0	0	1
e_57_1_1	1.0	0	1
e_57_1_2	0.0	0	1
e_57_2_0	1.0	0	1
e_57_3_0	1.0	0	1
e_57_3_1	1.0	0	1
e_57_3_2	1.0	0	1
e_57_3_3	1.0	0	1
e_57_3_4	1.0	0	1
e_57_3_5	1.0	0	1
e_57_4_0	0.0	0	1
e_57_4_1	0.0	0	1
e_57_4_2	0.0	0	1
e_57_4_3	0.0	0	1
e_57_5_0	1.0	0	1
e_57_5_1	1.0	0	1
e_57_5_2	0.0	0	1
e_57_5_3	0.0	0	1
e_58_0_0	1.0	0	1
e_58_1_0	1.0	0	1
e_58_1_1	1.0	0	1
e_58_1_2	0.0	0	1
e_58_2_0	1.0	0	1
e_58_3_0	1.0	0	1
e_58_3_1	1.0	0	1
e_58_3_2	1.0	0	1
e_58_3_3	1.0	0	1
e_58_3_4	1.0	0	1
e_58_3_5	1.0	0	1
e_58_4_0	0.0	0	1
e_58_4_1	0.0	0	1
e_58_4_2	0.0	0	1
e_58_4_3	0.0	0	1
e_58_5_0	1.0	0	1
e_58_5_1	1.0	0	1
e_58_5_2	0.0	0	1
e_58_5_3	0.0	0	1
e_59_0_0	1.0	0	1
e_59_1_0	1.0	0	1
e_59_1_1	1.0	0	1
e_59_1_2	0.0	0	1
e_59_2_0	1.0	0	1
e_59_3_0	1.0	0	1
e_59_3_1	1.0	0	1
e_59_3_2	1.0	0	1
e_59_3_3	1.0	0	1
e_59_3_4	1.0	0	1
e_59_3_5	1.0	0	1
e_59_4_0	0.0	0	1
e_59_4_1	0.0	0	1
e_59_4_2	0.0	0	1
e_59_4_3	0.0	0	1
e_59_5_0	1.0	0	1
e_59_5_1	1.0	0	1
e_59_5_2	0.0	0	1
e_59_5_3	0.0	0	1
e_5_0_0	0.0	0	1
e_5_1_0	0.0	0	1
e_5_1_1	0.0	0	1
e_5_1_2	0.0	0	1
e_5_2_0	0.0	0	1
e_5_3_0	0.0	0	1
e_5_3_1	0.0	0	1
e_5_3_2	0.0	0	1
e_5_3_3	0.0	0	1
e_5_3_4	0.0	0	1
e_5_3_5	0.0	0	1
e_5_4_0	0.0	0	1
e_5_4_1	0.0	0	1
e_5_4_2	0.0	0	1
e_5_4_3	0.0	0	1
e_5_5_0	1.0	0	1
e_5_5_1	1.0	0	1
e_5_5_2	1.0	0	1
e_5_5_3	1.0	0	1
e_60_0_0	0.0	0	1
e_60_1_0	0.0	0	1
e_60_1_1	0.0	0	1
e_60_1_2	0.0	0	1
e_60_2_0	0.0	0	1
e_60_3_0	0.0	0	1
e_60_3_1	0.0	0	1
e_60_3_2	0.0	0	1
e_60_3_3	0.0	0	1
e_60_3_4	0.0	0	1
e_60_3_5	0.0	0	1
e_60_4_0	0.0	0	1
e_60_4_1	0.0	0	1
e_60_4_2	0.0	0	1
e_60_4_3	0.0	0	1
e_60_5_0	1.0	0	1
e_60_5_1	1.0	0	1
e_60_5_2	0.0	0	1
e_60_5_3	0.0	0	1
e_61_0_0	0.0	0	1
e_61_1_0	0.0	0	1
e_61_1_1	0.0	0	1
e_61_1_2	0.0	0	1
e_61_2_0	0.0	0	1
e_61_3_0	0.0	0	1
e_61_3_1	0.0	0	1
e_61_3_2	0.0	0	1
e_61_3_3	0.0	0	1
e_61_3_4	0.0	0	1
e_61_3_5	0.0	0	1
e_61_4_0	0.0	0	1
e_61_4_1	0.0	0	1
e_61_4_2	0.0	0	1
e_61_4_3	0.0	0	1
e_61_5_0	1.0	0	1
e_61_5_1	1.0	0	1
e_61_5_2	0.0	0	1
e_61_5_3	0.0	0	1
e_62_0_0	1.0	0	1
e_62_1_0	0.0	0	1
e_62_1_1	0.0	0	1
e_62_1_2	0.0	0	1
e_62_2_0	1.0	0	1
e_62_3_0	0.0	0	1
e_62_3_1	0.0	0	1
e_62_3_2	0.0	0	1
e_62_3_3	0.0	0	1
e_62_3_4	0.0	0	1
e_62_3_5	0.0	0	1
e_62_4_0	0.0	0	1
e_62_4_1	0.0	0	1
e_62_4_2	0.0	0	1
e_62_4_3	0.0	0	1
e_62_5_0	1.0	0	1
e_62_5_1	1.0	0	1
e_62_5_2	0.0	0	1
e_62_5_3	0.0	0	1
e_63_0_0	1.0	0	1
e_63_1_0	0.0	0	1
e_63_1_1	0.0	0	1
e_63_1_2	0.0	0	1
e_63_2_0	1.0	0	1
e_63_3_0	0.0	0	1
e_63_3_1	0.0	0	1
e_63_3_2	0.0	0	1
e_63_3_3	0.0	0	1
e_63_3_4	0.0	0	1
e_63_3_5	0.0	0	1
e_63_4_0	0.0	0	1
e_63_4_1	0.0	0	1
e_63_4_2	0.0	0	1
e_63_4_3	0.0	0	1
e_63_5_0	1.0	0	1
e_63_5_1	1.0	0	1
e_63_5_2	0.0	0	1
e_63_5_3	0.0	0	1
e_64_0_0	0.0	0	1
e_64_1_0	0.0	0	1
e_64_1_1	0.0	0	1
e_64_1_2	0.0	0	1
e_64_2_0	0.0	0	1
e_64_3_0	0.0	0	1
e_64_3_1	0.0	0	1
e_64_3_2	0.0	0	1
e_64_3_3	0.0	0	1
e_64_3_4	0.0	0	1
e_64_3_5	0.0	0	1
e_64_4_0	0.0	0	1
e_64_4_1	0.0	0	1
e_64_4_2	0.0	0	1
e_64_4_3	0.0	0	1
e_64_5_0	1.0	0	1
e_64_5_1	1.0	0	1
e_64_5_2	0.0	0	1
e_64_5_3	0.0	0	1
e_65_0_0	0.0	0	1
e_65_1_0	0.0	0	1
e_65_1_1	0.0	0	1
e_65_1_2	0.0	0	1
e_65_2_0	0.0	0	1
e_65_3_0	0.0	0	1
e_65_3_1	0.0	0	1
e_65_3_2	0.0	0	1
e_65_3_3	0.0	0	1
e_65_3_4	0.0	0	1
e_65_3_5	0.0	0	1
e_65_4_0	0.0	0	1
e_65_4_1	0.0	0	1
e_65_4_2	0.0	0	1
e_65_4_3	0.0	0	1
e_65_5_0	1.0	0	1
e_65_5_1	1.0	0	1
e_65_5_2	0.0	0	1
e_65_5_3	0.0	0	1
e_66_0_0	1.0	0	1
e_66_1_0	1.0	0	1
e_66_1_1	0.0	0	1
e_66_1_2	0.0	0	1
e_66_2_0	1.0	0	1
e_66_3_0	1.0	0	1
e_66_3_1	1.0	0	1
e_66_3_2	1.0	0	1
e_66_3_3	1.0	0	1
e_66_3_4	1.0	0	1
e_66_3_5	0.0	0	1
e_66_4_0	0.0	0	1
e_66_4_1	0.0	0	1
e_66_4_2	0.0	0	1
e_66_4_3	0.0	0	1
e_66_5_0	1.0	0	1
e_66_5_1	1.0	0	1
e_66_5_2	0.0	0	1
e_66_5_3	0.0	0	1
e_67_0_0	1.0	0	1
e_67_1_0	1.0	0	1
e_67_1_1	0.0	0	1
e_67_1_2	0.0	0	1
e_67_2_0	1.0	0	1
e_67_3_0	1.0	0	1
e_67_3_1	1.0	0	1
e_67_3_2	1.0	0	1
e_67_3_3	1.0	0	1
e_67_3_4	1.0	0	1
e_67_3_5	0.0	0	1
e_67_4_0	0.0	0	1
e_67_4_1	0.0	0	1
e_67_4_2	0.0	0	1
e_67_4_3	0.0	0	1
e_67_5_0	1.0	0	1
e_67_5_1	1.0	0	1
e_67_5_2	0.0	0	1
e_67_5_3	0.0	0	1
e_68_0_0	0.0	0	1
e_68_1_0	0.0	0	1
e_68_1_1	0.0	0	1
e_68_1_2	0.0	0	1
e_68_2_0	0.0	0	1
e_68_3_0	0.0	0	1
e_68_3_1	0.0	0	1
e_68_3_2	0.0	0	1
e_68_3_3	0.0	0	1
e_68_3_4	0.0	0	1
e_68_3_5	0.0	0	1
e_68_4_0	0.0	0	1
e_68_4_1	0.0	0	1
e_68_4_2	0.0	0	1
e_68_4_3	0.0	0	1
e_68_5_0	1.0	0	1
e_68_5_1	1.0	0	1
e_68_5_2	1.0	0	1
e_68_5_3	0.0	0	1
e_69_0_0	0.0	0	1
e_69_1_0	0.0	0	1
e_69_1_1	0.0	0	1
e_69_1_2	0.0	0	1
e_69_2_0	0.0	0	1
e_69_3_0	0.0	0	1
e_69_3_1	0.0	0	1
e_69_3_2	0.0	0	1
e_69_3_3	0.0	0	1
e_69_3_4	0.0	0	1
e_69_3_5	0.0	0	1
e_69_4_0	0.0	0	1
e_69_4_1	0.0	0	1
e_69_4_2	0.0	0	1
e_69_4_3	0.0	0	1
e_69_5_0	1.0	0	1
e_69_5_1	1.0	0	1
e_69_5_2	1.0	0	1
e_69_5_3	0.0	0	1
e_6_0_0	0.0	0	1
e_6_1_0	0.0	0	1
e_6_1_1	0.0	0	1
e_6_1_2	0.0	0	1
e_6_2_0	0.0	0	1
e_6_3_0	0.0	0	1
e_6_3_1	0.0	0	1
e_6_3_2	0.0	0	1
e_6_3_3	0.0	0	1
e_6_3_4	0.0	0	1
e_6_3_5	0.0	0	1
e_6_4_0	0.0	0	1
e_6_4_1	0.0	0	1
e_6_4_2	0.0	0	1
e_6_4_3	0.0	0	1
e_6_5_0	1.0	0	1
e_6_5_1	1.0	0	1
e_6_5_2	1.0	0	1
e_6_5_3	1.0	0	1
e_70_0_0	0.0	0	1
e_70_1_0	0.0	0	1
e_70_1_1	0.0	0	1
e_70_1_2	0.0	0	1
e_70_2_0	1.0	0	1
e_70_3_0	0.0	0	1
e_70_3_1	0.0	0	1
e_70_3_2	0.0	0	1
e_70_3_3	0.0	0	1
e_70_3_4	0.0	0	1
e_70_3_5	0.0	0	1
e_70_4_0	0.0	0	1
e_70_4_1	0.0	0	1
e_70_4_2	0.0	0	1
e_70_4_3	0.0	0	1
e_70_5_0	1.0	0	1
e_70_5_1	1.0	0	1
e_70_5_2	0.0	0	1
e_70_5_3	0.0	0	1
e_71_0_0	0.0	0	1
e_71_1_0	0.0	0	1
e_71_1_1	0.0	0	1
e_71_1_2	0.0	0	1
e_71_2_0	1.0	0	1
e_71_3_0	0.0	0	1
e_71_3_1	0.0	0	1
e_71_3_2	0.0	0	1
e_71_3_3	0.0	0	1
e_71_3_4	0.0	0	1
e_71_3_5	0.0	0	1
e_71_4_0	0.0	0	1
e_71_4_1	0.0	0	1
e_71_4_2	0.0	0	1
e_71_4_3	0.0	0	1
e_71_5_0	1.0	0	1
e_71_5_1	1.0	0	1
e_71_5_2	0.0	0	1
e_71_5_3	0.0	0	1
e_72_0_0	0.0	0	1
e_72_1_0	0.0	0	1
e_72_1_1	0.0	0	1
e_72_1_2	0.0	0	1
e_72_2_0	1.0	0	1
e_72_3_0	0.0	0	1
e_72_3_1	0.0	0	1
e_72_3_2	0.0	0	1
e_72_3_3	0.0	0	1
e_72_3_4	0.0	0	1
e_72_3_5	0.0	0	1
e_72_4_0	0.0	0	1
e_72_4_1	0.0	0	1
e_72_4_2	0.0	0	1
e_72_4_3	0.0	0	1
e_72_5_0	1.0	0	1
e_72_5_1	1.0	0	1
e_72_5_2	0.0	0	1
e_72_5_3	0.0	0	1
e_73_0_0	1.0	0	1
e_73_1_0	1.0	0	1
e_73_1_1	0.0	0	1
e_73_1_2	0.0	0	1
e_73_2_0	1.0	0	1
e_73_3_0	1.0	0	1
e_73_3_1	1.0	0	1
e_73_3_2	1.0	0	1
e_73_3_3	1.0	0	1
e_73_3_4	1.0	0	1
e_73_3_5	0.0	0	1
e_73_4_0	0.0	0	1
e_73_4_1	0.0	0	1
e_73_4_2	0.0	0	1
e_73_4_3	0.0	0	1
e_73_5_0	1.0	0	1
e_73_5_1	1.0	0	1
e_73_5_2	0.0	0	1
e_73_5_3	0.0	0	1
e_74_0_0	1.0	0	1
e_74_1_0	1.0	0	1
e_74_1_1	1.0	0	1
e_74_1_2	0.0	0	1
e_74_2_0	1.0	0	1
e_74_3_0	1.0	0	1
e_74_3_1	1.0	0	1
e_74_3_2	1.0	0	1
e_74_3_3	1.0	0	1
e_74_3_4	1.0	0	1
e_74_3_5	1.0	0	1
e_74_4_0	0.0	0	1
e_74_4_1	0.0	0	1
e_74_4_2	0.0	0	1
e_74_4_3	0.0	0	1
e_74_5_0	1.0	0	1
e_74_5_1	1.0	0	1
e_74_5_2	0.0	0	1
e_74_5_3	0.0	0	1
e_75_0_0	1.0	0	1
e_75_1_0	1.0	0	1
e_75_1_1	1.0	0	1
e_75_1_2	0.0	0	1
e_75_2_0	1.0	0	1
e_75_3_0	1.0	0	1
e_75_3_1	1.0	0	1
e_75_3_2	1.0	0	1
e_75_3_3	1.0	0	1
e_75_3_4	1.0	0	1
e_75_3_5	1.0	0	1
e_75_4_0	0.0	0	1
e_75_4_1	0.0	0	1
e_75_4_2	0.0	0	1
e_75_4_3	0.0	0	1
e_75_5_0	1.0	0	1
e_75_5_1	1.0	0	1
e_75_5_2	0.0	0	1
e_75_5_3	0.0	0	1
e_76_0_0	1.0	0	1
e_76_1_0	1.0	0	1
e_76_1_1	1.0	0	1
e_76_1_2	0.0	0	1
e_76_2_0	1.0	0	1
e_76_3_0	1.0	0	1
e_76_3_1	1.0	0	1
e_76_3_2	1.0	0	1
e_76_3_3	1.0	0	1
e_76_3_4	1.0	0	1
e_76_3_5	1.0	0	1
e_76_4_0	0.0	0	1
e_76_4_1	0.0	0	1
e_76_4_2	0.0	0	1
e_76_4_3	0.0	0	1
e_76_5_0	1.0	0	1
e_76_5_1	1.0	0	1
e_76_5_2	0.0	0	1
e_76_5_3	0.0	0	1
e_77_0_0	1.0	0	1
e_77_1_0	1.0	0	1
e_77_1_1	1.0	0	1
e_77_1_2	0.0	0	1
e_77_2_0	1.0	0	1
e_77_3_0	1.0	0	1
e_77_3_1	1.0	0	1
e_77_3_2	1.0	0	1
e_77_3_3	1.0	0	1
e_77_3_4	1.0	0	1
e_77_3_5	1.0	0	1
e_77_4_0	0.0	0	1
e_77_4_1	0.0	0	1
e_77_4_2	0.0	0	1
e_77_4_3	0.0	0	1
e_77_5_0	1.0	0	1
e_77_5_1	1.0	0	1
e_77_5_2	0.0	0	1
e_77_5_3	0.0	0	1
e_78_0_0	0.0	0	1
e_78_1_0	0.0	0	1
e_78_1_1	0.0	0	1
e_78_1_2	0.0	0	1
e_78_2_0	0.0	0	1
e_78_3_0	0.0	0	1
e_78_3_1	0.0	0	1
e_78_3_2	0.0	0	1
e_78_3_3	0.0	0	1
e_78_3_4	0.0	0	1
e_78_3_5	0.0	0	1
e_78_4_0	0.0	0	1
e_78_4_1	0.0	0	1
e_78_4_2	0.0	0	1
e_78_4_3	0.0	0	1
e_78_5_0	1.0	0	1
e_78_5_1	1.0	0	1
e_78_5_2	0.0	0	1
e_78_5_3	0.0	0	1
e_79_0_0	0.0	0	1
e_79_1_0	0.0	0	1
e_79_1_1	0.0	0	1
e_79_1_2	0.0	0	1
e_79_2_0	0.0	0	1
e_79_3_0	0.0	0	1
e_79_3_1	0.0	0	1
e_79_3_2	0.0	0	1
e_79_3_3	0.0	0	1
e_79_3_4	0.0	0	1
e_79_3_5	0.0	0	1
e_79_4_0	0.0	0	1
e_79_4_1	0.0	0	1
e_79_4_2	0.0	0	1
e_79_4_3	0.0	0	1
e_79_5_0	1.0	0	1
e_79_5_1	1.0	0	1
e_79_5_2	0.0	0	1
e_79_5_3	0.0	0	1
e_7_0_0	0.0	0	1
e_7_1_0	0.0	0	1
e_7_1_1	0.0	0	1
e_7_1_2	0.0	0	1
e_7_2_0	0.0	0	1
e_7_3_0	0.0	0	1
e_7_3_1	0.0	0	1
e_7_3_2	0.0	0	1
e_7_3_3	0.0	0	1
e_7_3_4	0.0	0	1
e_7_3_5	0.0	0	1
e_7_4_0	0.0	0	1
e_7_4_1	0.0	0	1
e_7_4_2	0.0	0	1
e_7_4_3	0.0	0	1
e_7_5_0	1.0	0	1
e_7_5_1	1.0	0	1
e_7_5_2	1.0	0	1
e_7_5_3	1.0	0	1
e_80_0_0	0.0	0	1
e_80_1_0	0.0	0	1
e_80_1_1	0.0	0	1
e_80_1_2	0.0	0	1
e_80_2_0	0.0	0	1
e_80_3_0	0.0	0	1
e_80_3_1	0.0	0	1
e_80_3_2	0.0	0	1
e_80_3_3	0.0	0	1
e_80_3_4	0.0	0	1
e_80_3_5	0.0	0	1
e_80_4_0	0.0	0	1
e_80_4_1	0.0	0	1
e_80_4_2	0.0	0	1
e_80_4_3	0.0	0	1
e_80_5_0	1.0	0	1
e_80_5_1	1.0	0	1
e_80_5_2	0.0	0	1
e_80_5_3	0.0	0	1
e_81_0_0	0.0	0	1
e_81_1_0	0.0	0	1
e_81_1_1	0.0	0	1
e_81_1_2	0.0	0	1
e_81_2_0	0.0	0	1
e_81_3_0	0.0	0	1
e_81_3_1	0.0	0	1
e_81_3_2	0.0	0	1
e_81_3_3	0.0	0	1
e_81_3_4	0.0	0	1
e_81_3_5	0.0	0	1
e_81_4_0	0.0	0	1
e_81_4_1	0.0	0	1
e_81_4_2	0.0	0	1
e_81_4_3	0.0	0	1
e_81_5_0	1.0	0	1
e_81_5_1	1.0	0	1
e_81_5_2	0.0	0	1
e_81_5_3	0.0	0	1
e_82_0_0	0.0	0	1
e_82_1_0	0.0	0	1
e_82_1_1	0.0	0	1
e_82_1_2	0.0	0	1
e_82_2_0	0.0	0	1
e_82_3_0	0.0	0	1
e_82_3_1	0.0	0	1
e_82_3_2	0.0	0	1
e_82_3_3	0.0	0	1
e_82_3_4	0.0	0	1
e_82_3_5	0.0	0	1
e_82_4_0	0.0	0	1
e_82_4_1	0.0	0	1
e_82_4_2	0.0	0	1
e_82_4_3	0.0	0	1
e_82_5_0	1.0	0	1
e_82_5_1	1.0	0	1
e_82_5_2	0.0	0	1
e_82_5_3	0.0	0	1
e_83_0_0	1.0	0	1
e_83_1_0	1.0	0	1
e_83_1_1	0.0	0	1
e_83_1_2	0.0	0	1
e_83_2_0	1.0	0	1
e_83_3_0	1.0	0	1
e_83_3_1	1.0	0	1
e_83_3_2	1.0	0	1
e_83_3_3	1.0	0	1
e_83_3_4	1.0	0	1
e_83_3_5	1.0	0	1
e_83_4_0	0.0	0	1
e_83_4_1	0.0	0	1
e_83_4_2	0.0	0	1
e_83_4_3	0.0	0	1
e_83_5_0	1.0	0	1
e_83_5_1	0.0	0	1
e_83_5_2	0.0	0	1
e_83_5_3	0.0	0	1
e_84_0_0	1.0	0	1
e_84_1_0	1.0	0	1
e_84_1_1	1.0	0	1
e_84_1_2	0.0	0	1
e_84_2_0	1.0	0	1
e_84_3_0	1.0	0	1
e_84_3_1	1.0	0	1
e_84_3_2	1.0	0	1
e_84_3_3	1.0	0	1
e_84_3_4	1.0	0	1
e_84_3_5	1.0	0	1
e_84_4_0	0.0	0	1
e_84_4_1	0.0	0	1
e_84_4_2	0.0	0	1
e_84_4_3	0.0	0	1
e_84_5_0	1.0	0	1
e_84_5_1	0.0	0	1
e_84_5_2	0.0	0	1
e_84_5_3	0.0	0	1
e_85_0_0	1.0	0	1
e_85_1_0	1.0	0	1
e_85_1_1	1.0	0	1
e_85_1_2	0.0	0	1
e_85_2_0	1.0	0	1
e_85_3_0	1.0	0	1
e_85_3_1	1.0	0	1
e_85_3_2	1.0	0	1
e_85_3_3	1.0	0	1
e_85_3_4	1.0	0	1
e_85_3_5	1.0	0	1
e_85_4_0	0.0	0	1
e_85_4_1	0.0	0	1
e_85_4_2	0.0	0	1
e_85_4_3	0.0	0	1
e_85_5_0	1.0	0	1
e_85_5_1	1.0	0	1
e_85_5_2	0.0	0	1
e_85_5_3	0.0	0	1
e_86_0_0	1.0	0	1
e_86_1_0	1.0	0	1
e_86_1_1	1.0	0	1
e_86_1_2	0.0	0	1
e_86_2_0	1.0	0	1
e_86_3_0	1.0	0	1
e_86_3_1	1.0	0	1
e_86_3_2	1.0	0	1
e_86_3_3	1.0	0	1
e_86_3_4	1.0	0	1
e_86_3_5	1.0	0	1
e_86_4_0	0.0	0	1
e_86_4_1	0.0	0	1
e_86_4_2	0.0	0	1
e_86_4_3	0.0	0	1
e_86_5_0	1.0	0	1
e_86_5_1	1.0	0	1
e_86_5_2	0.0	0	1
e_86_5_3	0.0	0	1
e_87_0_0	1.0	0	1
e_87_1_0	1.0	0	1
e_87_1_1	0.0	0	1
e_87_1_2	0.0	0	1
e_87_2_0	1.0	0	1
e_87_3_0	1.0	0	1
e_87_3_1	1.0	0	1
e_87_3_2	1.0	0	1
e_87_3_3	1.0	0	1
e_87_3_4	1.0	0	1
e_87_3_5	0.0	0	1
e_87_4_0	0.0	0	1
e_87_4_1	0.0	0	1
e_87_4_2	0.0	0	1
e_87_4_3	0.0	0	1
e_87_5_0	1.0	0	1
e_87_5_1	1.0	0	1
e_87_5_2	0.0	0	1
e_87_5_3	0.0	0	1
e_88_0_0	0.0	0	1
e_88_1_0	0.0	0	1
e_88_1_1	0.0	0	1
e_88_1_2	0.0	0	1
e_88_2_0	0.0	0	1
e_88_3_0	0.0	0	1
e_88_3_1	0.0	0	1
e_88_3_2	0.0	0	1
e_88_3_3	0.0	0	1
e_88_3_4	0.0	0	1
e_88_3_5	0.0	0	1
e_88_4_0	0.0	0	1
e_88_4_1	0.0	0	1
e_88_4_2	0.0	0	1
e_88_4_3	0.0	0	1
e_88_5_0	1.0	0	1
e_88_5_1	1.0	0	1
e_88_5_2	1.0	0	1
e_88_5_3	0.0	0	1
e_89_0_0	0.0	0	1
e_89_1_0	0.0	0	1
e_89_1_1	0.0	0	1
e_89_1_2	0.0	0	1
e_89_2_0	0.0	0	1
e_89_3_0	0.0	0	1
e_89_3_1	0.0	0	1
e_89_3_2	0.0	0	1
e_89_3_3	0.0	0	1
e_89_3_4	0.0	0	1
e_89_3_5	0.0	0	1
e_89_4_0	0.0	0	1
e_89_4_1	0.0	0	1
e_89_4_2	0.0	0	1
e_89_4_3	0.0	0	1
e_89_5_0	1.0	0	1
e_89_5_1	1.0	0	1
e_89_5_2	1.0	0	1
e_89_5_3	0.0	0	1
e_8_0_0	0.0	0	1
e_8_1_0	0.0	0	1
e_8_1_1	0.0	0	1
e_8_1_2	0.0	0	1
e_8_2_0	0.0	0	1
e_8_3_0	0.0	0	1
e_8_3_1	0.0	0	1
e_8_3_2	0.0	0	1
e_8_3_3	0.0	0	1
e_8_3_4	0.0	0	1
e_8_3_5	0.0	0	1
e_8_4_0	0.0	0	1
e_8_4_1	0.0	0	1
e_8_4_2	0.0	0	1
e_8_4_3	0.0	0	1
e_8_5_0	1.0	0	1
e_8_5_1	1.0	0	1
e_8_5_2	1.0	0	1
e_8_5_3	1.0	0	1
e_90_0_0	1.0	0	1
e_90_1_0	1.0	0	1
e_90_1_1	0.0	0	1
e_90_1_2	0.0	0	1
e_90_2_0	0.0	0	1
e_90_3_0	1.0	0	1
e_90_3_1	1.0	0	1
e_90_3_2	1.0	0	1
e_90_3_3	1.0	0	1
e_90_3_4	1.0	0	1
e_90_3_5	1.0	0	1
e_90_4_0	0.0	0	1
e_90_4_1	0.0	0	1
e_90_4_2	0.0	0	1
e_90_4_3	0.0	0	1
e_90_5_0	1.0	0	1
e_90_5_1	1.0	0	1
e_90_5_2	0.0	0	1
e_90_5_3	0.0	0	1
e_91_0_0	1.0	0	1
e_91_1_0	1.0	0	1
e_91_1_1	1.0	0	1
e_91_1_2	0.0	0	1
e_91_2_0	1.0	0	1
e_91_3_0	1.0	0	1
e_91_3_1	1.0	0	1
e_91_3_2	1.0	0	1
e_91_3_3	1.0	0	1
e_91_3_4	1.0	0	1
e_91_3_5	1.0	0	1
e_91_4_0	0.0	0	1
e_91_4_1	0.0	0	1
e_91_4_2	0.0	0	1
e_91_4_3	0.0	0	1
e_91_5_0	1.0	0	1
e_91_5_1	1.0	0	1
e_91_5_2	0.0	0	1
e_91_5_3	0.0	0	1
e_92_0_0	1.0	0	1
e_92_1_0	1.0	0	1
e_92_1_1	1.0	0	1
e_92_1_2	0.0	0	1
e_92_2_0	1.0	0	1
e_92_3_0	1.0	0	1
e_92_3_1	1.0	0	1
e_92_3_2	1.0	0	1
e_92_3_3	1.0	0	1
e_92_3_4	1.0	0	1
e_92_3_5	1.0	0	1
e_92_4_0	0.0	0	1
e_92_4_1	0.0	0	1
e_92_4_2	0.0	0	1
e_92_4_3	0.0	0	1
e_92_5_0	1.0	0	1
e_92_5_1	1.0	0	1
e_92_5_2	0.0	0	1
e_92_5_3	0.0	0	1
e_93_0_0	0.0	0	1
e_93_1_0	0.0	0	1
e_93_1_1	0.0	0	1
e_93_1_2	0.0	0	1
e_93_2_0	0.0	0	1
e_93_3_0	0.0	0	1
e_93_3_1	0.0	0	1
e_93_3_2	0.0	0	1
e_93_3_3	0.0	0	1
e_93_3_4	0.0	0	1
e_93_3_5	0.0	0	1
e_93_4_0	0.0	0	1
e_93_4_1	0.0	0	1
e_93_4_2	0.0	0	1
e_93_4_3	0.0	0	1
e_93_5_0	1.0	0	1
e_93_5_1	1.0	0	1
e_93_5_2	1.0	0	1
e_93_5_3	1.0	0	1
e_94_0_0	0.0	0	1
e_94_1_0	0.0	0	1
e_94_1_1	0.0	0	1
e_94_1_2	0.0	0	1
e_94_2_0	0.0	0	1
e_94_3_0	0.0	0	1
e_94_3_1	0.0	0	1
e_94_3_2	0.0	0	1
e_94_3_3	0.0	0	1
e_94_3_4	0.0	0	1
e_94_3_5	0.0	0	1
e_94_4_0	0.0	0	1
e_94_4_1	0.0	0	1
e_94_4_2	0.0	0	1
e_94_4_3	0.0	0	1
e_94_5_0	1.0	0	1
e_94_5_1	1.0	0	1
e_94_5_2	1.0	0	1
e_94_5_3	1.0	0	1
e_95_0_0	0.0	0	1
e_95_1_0	0.0	0	1
e_95_1_1	0.0	0	1
e_95_1_2	0.0	0	1
e_95_2_0	1.0	0	1
e_95_3_0	1.0	0	1
e_95_3_1	1.0	0	1
e_95_3_2	1.0	0	1
e_95_3_3	1.0	0	1
e_95_3_4	1.0	0	1
e_95_3_5	1.0	0	1
e_95_4_0	0.0	0	1
e_95_4_1	0.0	0	1
e_95_4_2	0.0	0	1
e_95_4_3	0.0	0	1
e_95_5_0	1.0	0	1
e_95_5_1	0.0	0	1
e_95_5_2	0.0	0	1
e_95_5_3	0.0	0	1
e_9_0_0	0.0	0	1
e_9_1_0	0.0	0	1
e_9_1_1	0.0	0	1
e_9_1_2	0.0	0	1
e_9_2_0	0.0	0	1
e_9_3_0	0.0	0	1
e_9_3_1	0.0	0	1
e_9_3_2	0.0	0	1
e_9_3_3	0.0	0	1
e_9_3_4	0.0	0	1
e_9_3_5	0.0	0	1
e_9_4_0	0.0	0	1
e_9_4_1	0.0	0	1
e_9_4_2	0.0	0	1
e_9_4_3	0.0	0	1
e_9_5_0	1.0	0	1
e_9_5_1	1.0	0	1
e_9_5_2	1.0	0	1
e_9_5_3	1.0	0	1
prod_0_hydro_0	61.0	-10000	10000
prod_0_hydro_1	89.0	-10000	10000
prod_0_hydro_2	190.0	-10000	10000
prod_0_hydro_3	147.0	-10000	10000
prod_0_hydro_4	660.0	-10000	10000
prod_0_hydro_5	0.0	-10000	10000
prod_10_hydro_0	0.0	-10000	10000
prod_10_hydro_1	0.0	-10000	10000
prod_10_hydro_2	0.0	-10000	10000
prod_10_hydro_3	0.0	-10000	10000
prod_10_hydro_4	0.0	-10000	10000
prod_10_hydro_5	-615.0	-10000	10000
prod_11_hydro_0	0.0	-10000	10000
prod_11_hydro_1	0.0	-10000	10000
prod_11_hydro_2	0.0	-10000	10000
prod_11_hydro_3	0.0	-10000	10000
prod_11_hydro_4	0.0	-10000	10000
prod_11_hydro_5	-615.0	-10000	10000
prod_12_hydro_0	61.0	-10000	10000
prod_12_hydro_1	31.0	-10000	10000
prod_12_hydro_2	190.0	-10000	10000
prod_12_hydro_3	0.0	-10000	10000
prod_12_hydro_4	0.0	-10000	10000
prod_12_hydro_5	-410.0	-10000	10000
prod_13_hydro_0	61.0	-10000	10000
prod_13_hydro_1	61.0	-10000	10000
prod_13_hydro_2	190.0	-10000	10000
prod_13_hydro_3	147.0	-10000	10000
prod_13_hydro_4	0.0	-10000	10000
prod_13_hydro_5	-410.0	-10000	10000
prod_14_hydro_0	61.0	-10000	10000
prod_14_hydro_1	61.0	-10000	10000
prod_14_hydro_2	190.0	-10000	10000
prod_14_hydro_3	147.0	-10000	10000
prod_14_hydro_4	0.0	-10000	10000
prod_14_hydro_5	-410.0	-10000	10000
prod_15_hydro_0	0.0	-10000	10000
prod_15_hydro_1	0.0	-10000	10000
prod_15_hydro_2	0.0	-10000	10000
prod_15_hydro_3	0.0	-10000	10000
prod_15_hydro_4	0.0	-10000	10000
prod_15_hydro_5	-615.0	-10000	10000
prod_16_hydro_0	0.0	-10000	10000
prod_16_hydro_1	0.0	-10000	10000
prod_16_hydro_2	0.0	-10000	10000
prod_16_hydro_3	0.0	-10000	10000
prod_16_hydro_4	0.0	-10000	10000
prod_16_hydro_5	-615.0	-10000	10000
prod_17_hydro_0	61.0	-10000	10000
prod_17_hydro_1	31.0	-10000	10000
prod_17_hydro_2	190.0	-10000	10000
prod_17_hydro_3	45.0	-10000	10000
prod_17_hydro_4	0.0	-10000	10000
prod_17_hydro_5	-410.0	-10000	10000
prod_18_hydro_0	61.0	-10000	10000
prod_18_hydro_1	61.0	-10000	10000
prod_18_hydro_2	190.0	-10000	10000
prod_18_hydro_3	147.0	-10000	10000
prod_18_hydro_4	0.0	-10000	10000
prod_18_hydro_5	0.0	-10000	10000
prod_19_hydro_0	61.0	-10000	10000
prod_19_hydro_1	89.0	-10000	10000
prod_19_hydro_2	190.0	-10000	10000
prod_19_hydro_3	147.0	-10000	10000
prod_19_hydro_4	0.0	-10000	10000
prod_19_hydro_5	0.0	-10000	10000
prod_1_hydro_0	0.0	-10000	10000
prod_1_hydro_1	0.0	-10000	10000
prod_1_hydro_2	190.0	-10000	10000
prod_1_hydro_3	0.0	-10000	10000
prod_1_hydro_4	0.0	-10000	10000
prod_1_hydro_5	-410.0	-10000	10000
prod_20_hydro_0	61.0	-10000	10000
prod_20_hydro_1	89.0	-10000	10000
prod_20_hydro_2	190.0	-10000	10000
prod_20_hydro_3	147.0	-10000	10000
prod_20_hydro_4	660.0	-10000	10000
prod_20_hydro_5	0.0	-10000	10000
prod_21_hydro_0	61.0	-10000	10000
prod_21_hydro_1	89.0	-10000	10000
prod_21_hydro_2	190.0	-10000	10000
prod_21_hydro_3	147.0	-10000	10000
prod_21_hydro_4	660.0	-10000	10000
prod_21_hydro_5	0.0	-10000	10000
prod_22_hydro_0	61.0	-10000	10000
prod_22_hydro_1	89.0	-10000	10000
prod_22_hydro_2	190.0	-10000	10000
prod_22_hydro_3	147.0	-10000	10000
prod_22_hydro_4	660.0	-10000	10000
prod_22_hydro_5	0.0	-10000	10000
prod_23_hydro_0	61.0	-10000	10000
prod_23_hydro_1	89.0	-10000	10000
prod_23_hydro_2	190.0	-10000	10000
prod_23_hydro_3	147.0	-10000	10000
prod_23_hydro_4	660.0	-10000	10000
prod_23_hydro_5	0.0	-10000	10000
prod_24_hydro_0	61.0	-10000	10000
prod_24_hydro_1	89.0	-10000	10000
prod_24_hydro_2	190.0	-10000	10000
prod_24_hydro_3	147.0	-10000	10000
prod_24_hydro_4	0.0	-10000	10000
prod_24_hydro_5	0.0	-10000	10000
prod_25_hydro_0	61.0	-10000	10000
prod_25_hydro_1	0.0	-10000	10000
prod_25_hydro_2	190.0	-10000	10000
prod_25_hydro_3	45.0	-10000	10000
prod_25_hydro_4	0.0	-10000	10000
prod_25_hydro_5	-410.0	-10000	10000
prod_26_hydro_0	61.0	-10000	10000
prod_26_hydro_1	0.0	-10000	10000
prod_26_hydro_2	190.0	-10000	10000
prod_26_hydro_3	45.0	-10000	10000
prod_26_hydro_4	0.0	-10000	10000
prod_26_hydro_5	-410.0	-10000	10000
prod_27_hydro_0	0.0	-10000	10000
prod_27_hydro_1	0.0	-10000	10000
prod_27_hydro_2	0.0	-10000	10000
prod_27_hydro_3	0.0	-10000	10000
prod_27_hydro_4	0.0	-10000	10000
prod_27_hydro_5	-615.0	-10000	10000
prod_28_hydro_0	0.0	-10000	10000
prod_28_hydro_1	0.0	-10000	10000
prod_28_hydro_2	0.0	-10000	10000
prod_28_hydro_3	0.0	-10000	10000
prod_28_hydro_4	0.0	-10000	10000
prod_28_hydro_5	-615.0	-10000	10000
prod_29_hydro_0	61.0	-10000	10000
prod_29_hydro_1	31.0	-10000	10000
prod_29_hydro_2	190.0	-10000	10000
prod_29_hydro_3	123.0	-10000	10000
prod_29_hydro_4	0.0	-10000	10000
prod_29_hydro_5	-410.0	-10000	10000
prod_2_hydro_0	0.0	-10000	10000
prod_2_hydro_1	0.0	-10000	10000
prod_2_hydro_2	190.0	-10000	10000
prod_2_hydro_3	0.0	-10000	10000
prod_2_hydro_4	0.0	-10000	10000
prod_2_hydro_5	-410.0	-10000	10000
prod_30_hydro_0	61.0	-10000	10000
prod_30_hydro_1	31.0	-10000	10000
prod_30_hydro_2	190.0	-10000	10000
prod_30_hydro_3	123.0	-10000	10000
prod_30_hydro_4	0.0	-10000	10000
prod_30_hydro_5	-410.0	-10000	10000
prod_31_hydro_0	0.0	-10000	10000
prod_31_hydro_1	0.0	-10000	10000
prod_31_hydro_2	0.0	-10000	10000
prod_31_hydro_3	0.0	-10000	10000
prod_31_hydro_4	0.0	-10000	10000
prod_31_hydro_5	-410.0	-10000	10000
prod_32_hydro_0	0.0	-10000	10000
prod_32_hydro_1	0.0	-10000	10000
prod_32_hydro_2	0.0	-10000	10000
prod_32_hydro_3	0.0	-10000	10000
prod_32_hydro_4	0.0	-10000	10000
prod_32_hydro_5	-410.0	-10000	10000
prod_33_hydro_0	0.0	-10000	10000
prod_33_hydro_1	0.0	-10000	10000
prod_33_hydro_2	0.0	-10000	10000
prod_33_hydro_3	0.0	-10000	10000
prod_33_hydro_4	0.0	-10000	10000
prod_33_hydro_5	-615.0	-10000	10000
prod_34_hydro_0	0.0	-10000	10000
prod_34_hydro_1	0.0	-10000	10000
prod_34_hydro_2	0.0	-10000	10000
prod_34_hydro_3	0.0	-10000	10000
prod_34_hydro_4	0.0	-10000	10000
prod_34_hydro_5	-615.0	-10000	10000
prod_35_hydro_0	0.0	-10000	10000
prod_35_hydro_1	31.0	-10000	10000
prod_35_hydro_2	0.0	-10000	10000
prod_35_hydro_3	0.0	-10000	10000
prod_35_hydro_4	0.0	-10000	10000
prod_35_hydro_5	-615.0	-10000	10000
prod_36_hydro_0	61.0	-10000	10000
prod_36_hydro_1	61.0	-10000	10000
prod_36_hydro_2	190.0	-10000	10000
prod_36_hydro_3	147.0	-10000	10000
prod_36_hydro_4	0.0	-10000	10000
prod_36_hydro_5	-205.0	-10000	10000
prod_37_hydro_0	61.0	-10000	10000
prod_37_hydro_1	61.0	-10000	10000
prod_37_hydro_2	190.0	-10000	10000
prod_37_hydro_3	147.0	-10000	10000
prod_37_hydro_4	0.0	-10000	10000
prod_37_hydro_5	-205.0	-10000	10000
prod_38_hydro_0	61.0	-10000	10000
prod_38_hydro_1	61.0	-10000	10000
prod_38_hydro_2	190.0	-10000	10000
prod_38_hydro_3	147.0	-10000	10000
prod_38_hydro_4	0.0	-10000	10000
prod_38_hydro_5	-410.0	-10000	10000
prod_39_hydro_0	0.0	-10000	10000
prod_39_hydro_1	0.0	-10000	10000
prod_39_hydro_2	0.0	-10000	10000
prod_39_hydro_3	0.0	-10000	10000
prod_39_hydro_4	0.0	-10000	10000
prod_39_hydro_5	-410.0	-10000	10000
prod_3_hydro_0	61.0	-10000	10000
prod_3_hydro_1	0.0	-10000	10000
prod_3_hydro_2	190.0	-10000	10000
prod_3_hydro_3	0.0	-10000	10000
prod_3_hydro_4	0.0	-10000	10000
prod_3_hydro_5	-410.0	-10000	10000
prod_40_hydro_0	0.0	-10000	10000
prod_40_hydro_1	0.0	-10000	10000
prod_40_hydro_2	0.0	-10000	10000
prod_40_hydro_3	0.0	-10000	10000
prod_40_hydro_4	0.0	-10000	10000
prod_40_hydro_5	-410.0	-10000	10000
prod_41_hydro_0	0.0	-10000	10000
prod_41_hydro_1	0.0	-10000	10000
prod_41_hydro_2	0.0	-10000	10000
prod_41_hydro_3	0.0	-10000	10000
prod_41_hydro_4	0.0	-10000	10000
prod_41_hydro_5	-820.0	-10000	10000
prod_42_hydro_0	0.0	-10000	10000
prod_42_hydro_1	0.0	-10000	10000
prod_42_hydro_2	0.0	-10000	10000
prod_42_hydro_3	0.0	-10000	10000
prod_42_hydro_4	0.0	-10000	10000
prod_42_hydro_5	-820.0	-10000	10000
prod_43_hydro_0	0.0	-10000	10000
prod_43_hydro_1	0.0	-10000	10000
prod_43_hydro_2	0.0	-10000	10000
prod_43_hydro_3	0.0	-10000	10000
prod_43_hydro_4	0.0	-10000	10000
prod_43_hydro_5	-820.0	-10000	10000
prod_44_hydro_0	0.0	-10000	10000
prod_44_hydro_1	0.0	-10000	10000
prod_44_hydro_2	0.0	-10000	10000
prod_44_hydro_3	0.0	-10000	10000
prod_44_hydro_4	0.0	-10000	10000
prod_44_hydro_5	-820.0	-10000	10000
prod_45_hydro_0	0.0	-10000	10000
prod_45_hydro_1	0.0	-10000	10000
prod_45_hydro_2	0.0	-10000	10000
prod_45_hydro_3	0.0	-10000	10000
prod_45_hydro_4	0.0	-10000	10000
prod_45_hydro_5	-820.0	-10000	10000
prod_46_hydro_0	0.0	-10000	10000
prod_46_hydro_1	0.0	-10000	10000
prod_46_hydro_2	0.0	-10000	10000
prod_46_hydro_3	0.0	-10000	10000
prod_46_hydro_4	0.0	-10000	10000
prod_46_hydro_5	-615.0	-10000	10000
prod_47_hydro_0	0.0	-10000	10000
prod_47_hydro_1	0.0	-10000	10000
prod_47_hydro_2	0.0	-10000	10000
prod_47_hydro_3	0.0	-10000	10000
prod_47_hydro_4	0.0	-10000	10000
prod_47_hydro_5	-615.0	-10000	10000
prod_48_hydro_0	0.0	-10000	10000
prod_48_hydro_1	0.0	-10000	10000
prod_48_hydro_2	0.0	-10000	10000
prod_48_hydro_3	0.0	-10000	10000
prod_48_hydro_4	0.0	-10000	10000
prod_48_hydro_5	-410.0	-10000	10000
prod_49_hydro_0	0.0	-10000	10000
prod_49_hydro_1	0.0	-10000	10000
prod_49_hydro_2	0.0	-10000	10000
prod_49_hydro_3	0.0	-10000	10000
prod_49_hydro_4	0.0	-10000	10000
prod_49_hydro_5	-410.0	-10000	10000
prod_4_hydro_0	61.0	-10000	10000
prod_4_hydro_1	0.0	-10000	10000
prod_4_hydro_2	190.0	-10000	10000
prod_4_hydro_3	0.0	-10000	10000
prod_4_hydro_4	0.0	-10000	10000
prod_4_hydro_5	-410.0	-10000	10000
prod_50_hydro_0	0.0	-10000	10000
prod_50_hydro_1	0.0	-10000	10000
prod_50_hydro_2	0.0	-10000	10000
prod_50_hydro_3	0.0	-10000	10000
prod_50_hydro_4	0.0	-10000	10000
prod_50_hydro_5	-410.0	-10000	10000
prod_51_hydro_0	0.0	-10000	10000
prod_51_hydro_1	0.0	-10000	10000
prod_51_hydro_2	0.0	-10000	10000
prod_51_hydro_3	0.0	-10000	10000
prod_51_hydro_4	0.0	-10000	10000
prod_51_hydro_5	-615.0	-10000	10000
prod_52_hydro_0	0.0	-10000	10000
prod_52_hydro_1	0.0	-10000	10000
prod_52_hydro_2	0.0	-10000	10000
prod_52_hydro_3	0.0	-10000	10000
prod_52_hydro_4	0.0	-10000	10000
prod_52_hydro_5	-615.0	-10000	10000
prod_53_hydro_0	0.0	-10000	10000
prod_53_hydro_1	0.0	-10000	10000
prod_53_hydro_2	0.0	-10000	10000
prod_53_hydro_3	0.0	-10000	10000
prod_53_hydro_4	0.0	-10000	10000
prod_53_hydro_5	-410.0	-10000	10000
prod_54_hydro_0	0.0	-10000	10000
prod_54_hydro_1	31.0	-10000	10000
prod_54_hydro_2	0.0	-10000	10000
prod_54_hydro_3	0.0	-10000	10000
prod_54_hydro_4	0.0	-10000	10000
prod_54_hydro_5	-410.0	-10000	10000
prod_55_hydro_0	61.0	-10000	10000
prod_55_hydro_1	61.0	-10000	10000
prod_55_hydro_2	190.0	-10000	10000
prod_55_hydro_3	147.0	-10000	10000
prod_55_hydro_4	0.0	-10000	10000
prod_55_hydro_5	0.0	-10000	10000
prod_56_hydro_0	61.0	-10000	10000
prod_56_hydro_1	61.0	-10000	10000
prod_56_hydro_2	190.0	-10000	10000
prod_56_hydro_3	147.0	-10000	10000
prod_56_hydro_4	0.0	-10000	10000
prod_56_hydro_5	0.0	-10000	10000
prod_57_hydro_0	61.0	-10000	10000
prod_57_hydro_1	61.0	-10000	10000
prod_57_hydro_2	190.0	-10000	10000
prod_57_hydro_3	147.0	-10000	10000
prod_57_hydro_4	0.0	-10000	10000
prod_57_hydro_5	-410.0	-10000	10000
prod_58_hydro_0	61.0	-10000	10000
prod_58_hydro_1	61.0	-10000	10000
prod_58_hydro_2	190.0	-10000	10000
prod_58_hydro_3	147.0	-10000	10000
prod_58_hydro_4	0.0	-10000	10000
prod_58_hydro_5	-410.0	-10000	10000
prod_59_hydro_0	61.0	-10000	10000
prod_59_hydro_1	61.0	-10000	10000
prod_59_hydro_2	190.0	-10000	10000
prod_59_hydro_3	147.0	-10000	10000
prod_59_hydro_4	0.0	-10000	10000
prod_59_hydro_5	-410.0	-10000	10000
prod_5_hydro_0	0.0	-10000	10000
prod_5_hydro_1	0.0	-10000	10000
prod_5_hydro_2	0.0	-10000	10000
prod_5_hydro_3	0.0	-10000	10000
prod_5_hydro_4	0.0	-10000	10000
prod_5_hydro_5	-820.0	-10000	10000
prod_60_hydro_0	0.0	-10000	10000
prod_60_hydro_1	0.0	-10000	10000
prod_60_hydro_2	0.0	-10000	10000
prod_60_hydro_3	0.0	-10000	10000
prod_60_hydro_4	0.0	-10000	10000
prod_60_hydro_5	-410.0	-10000	10000
prod_61_hydro_0	0.0	-10000	10000
prod_61_hydro_1	0.0	-10000	10000
prod_61_hydro_2	0.0	-10000	10000
prod_61_hydro_3	0.0	-10000	10000
prod_61_hydro_4	0.0	-10000	10000
prod_61_hydro_5	-410.0	-10000	10000
prod_62_hydro_0	61.0	-10000	10000
prod_62_hydro_1	0.0	-10000	10000
prod_62_hydro_2	190.0	-10000	10000
prod_62_hydro_3	0.0	-10000	10000
prod_62_hydro_4	0.0	-10000	10000
prod_62_hydro_5	-410.0	-10000	10000
prod_63_hydro_0	61.0	-10000	10000
prod_63_hydro_1	0.0	-10000	10000
prod_63_hydro_2	190.0	-10000	10000
prod_63_hydro_3	0.0	-10000	10000
prod_63_hydro_4	0.0	-10000	10000
prod_63_hydro_5	-410.0	-10000	10000
prod_64_hydro_0	0.0	-10000	10000
prod_64_hydro_1	0.0	-10000	10000
prod_64_hydro_2	0.0	-10000	10000
prod_64_hydro_3	0.0	-10000	10000
prod_64_hydro_4	0.0	-10000	10000
prod_64_hydro_5	-410.0	-10000	10000
prod_65_hydro_0	0.0	-10000	10000
prod_65_hydro_1	0.0	-10000	10000
prod_65_hydro_2	0.0	-10000	10000
prod_65_hydro_3	0.0	-10000	10000
prod_65_hydro_4	0.0	-10000	10000
prod_65_hydro_5	-410.0	-10000	10000
prod_66_hydro_0	61.0	-10000	10000
prod_66_hydro_1	31.0	-10000	10000
prod_66_hydro_2	190.0	-10000	10000
prod_66_hydro_3	123.0	-10000	10000
prod_66_hydro_4	0.0	-10000	10000
prod_66_hydro_5	-410.0	-10000	10000
prod_67_hydro_0	61.0	-10000	10000
prod_67_hydro_1	31.0	-10000	10000
prod_67_hydro_2	190.0	-10000	10000
prod_67_hydro_3	123.0	-10000	10000
prod_67_hydro_4	0.0	-10000	10000
prod_67_hydro_5	-410.0	-10000	10000
prod_68_hydro_0	0.0	-10000	10000
prod_68_hydro_1	0.0	-10000	10000
prod_68_hydro_2	0.0	-10000	10000
prod_68_hydro_3	0.0	-10000	10000
prod_68_hydro_4	0.0	-10000	10000
prod_68_hydro_5	-615.0	-10000	10000
prod_69_hydro_0	0.0	-10000	10000
prod_69_hydro_1	0.0	-10000	10000
prod_69_hydro_2	0.0	-10000	10000
prod_69_hydro_3	0.0	-10000	10000
prod_69_hydro_4	0.0	-10000	10000
prod_69_hydro_5	-615.0	-10000	10000
prod_6_hydro_0	0.0	-10000	10000
prod_6_hydro_1	0.0	-10000	10000
prod_6_hydro_2	0.0	-10000	10000
prod_6_hydro_3	0.0	-10000	10000
prod_6_hydro_4	0.0	-10000	10000
prod_6_hydro_5	-820.0	-10000	10000
prod_70_hydro_0	0.0	-10000	10000
prod_70_hydro_1	0.0	-10000	10000
prod_70_hydro_2	190.0	-10000	10000
prod_70_hydro_3	0.0	-10000	10000
prod_70_hydro_4	0.0	-10000	10000
prod_70_hydro_5	-410.0	-10000	10000
prod_71_hydro_0	0.0	-10000	10000
prod_71_hydro_1	0.0	-10000	10000
prod_71_hydro_2	190.0	-10000	10000
prod_71_hydro_3	0.0	-10000	10000
prod_71_hydro_4	0.0	-10000	10000
prod_71_hydro_5	-410.0	-10000	10000
prod_72_hydro_0	0.0	-10000	10000
prod_72_hydro_1	0.0	-10000	10000
prod_72_hydro_2	190.0	-10000	10000
prod_72_hydro_3	0.0	-10000	10000
prod_72_hydro_4	0.0	-10000	10000
prod_72_hydro_5	-410.0	-10000	10000
prod_73_hydro_0	61.0	-10000	10000
prod_73_hydro_1	31.0	-10000	10000
prod_73_hydro_2	190.0	-10000	10000
prod_73_hydro_3	123.0	-10000	10000
prod_73_hydro_4	0.0	-10000	10000
prod_73_hydro_5	-410.0	-10000	10000
prod_74_hydro_0	61.0	-10000	10000
prod_74_hydro_1	61.0	-10000	10000
prod_74_hydro_2	190.0	-10000	10000
prod_74_hydro_3	147.0	-10000	10000
prod_74_hydro_4	0.0	-10000	10000
prod_74_hydro_5	-410.0	-10000	10000
prod_75_hydro_0	61.0	-10000	10000
prod_75_hydro_1	61.0	-10000	10000
prod_75_hydro_2	190.0	-10000	10000
prod_75_hydro_3	147.0	-10000	10000
prod_75_hydro_4	0.0	-10000	10000
prod_75_hydro_5	-410.0	-10000	10000
prod_76_hydro_0	61.0	-10000	10000
prod_76_hydro_1	61.0	-10000	10000
prod_76_hydro_2	190.0	-10000	10000
prod_76_hydro_3	147.0	-10000	10000
prod_76_hydro_4	0.0	-10000	10000
prod_76_hydro_5	-410.0	-10000	10000
prod_77_hydro_0	61.0	-10000	10000
prod_77_hydro_1	61.0	-10000	10000
prod_77_hydro_2	190.0	-10000	10000
prod_77_hydro_3	147.0	-10000	10000
prod_77_hydro_4	0.0	-10000	10000
prod_77_hydro_5	-410.0	-10000	10000
prod_78_hydro_0	0.0	-10000	10000
prod_78_hydro_1	0.0	-10000	10000
prod_78_hydro_2	0.0	-10000	10000
prod_78_hydro_3	0.0	-10000	10000
prod_78_hydro_4	0.0	-10000	10000
prod_78_hydro_5	-410.0	-10000	10000
prod_79_hydro_0	0.0	-10000	10000
prod_79_hydro_1	0.0	-10000	10000
prod_79_hydro_2	0.0	-10000	10000
prod_79_hydro_3	0.0	-10000	10000
prod_79_hydro_4	0.0	-10000	10000
prod_79_hydro_5	-410.0	-10000	10000
prod_7_hydro_0	0.0	-10000	10000
prod_7_hydro_1	0.0	-10000	10000
prod_7_hydro_2	0.0	-10000	10000
prod_7_hydro_3	0.0	-10000	10000
prod_7_hydro_4	0.0	-10000	10000
prod_7_hydro_5	-820.0	-10000	10000
prod_80_hydro_0	0.0	-10000	10000
prod_80_hydro_1	0.0	-10000	10000
prod_80_hydro_2	0.0	-10000	10000
prod_80_hydro_3	0.0	-10000	10000
prod_80_hydro_4	0.0	-10000	10000
prod_80_hydro_5	-410.0	-10000	10000
prod_81_hydro_0	0.0	-10000	10000
prod_81_hydro_1	0.0	-10000	10000
prod_81_hydro_2	0.0	-10000	10000
prod_81_hydro_3	0.0	-10000	10000
prod_81_hydro_4	0.0	-10000	10000
prod_81_hydro_5	-410.0	-10000	10000
prod_82_hydro_0	0.0	-10000	10000
prod_82_hydro_1	0.0	-10000	10000
prod_82_hydro_2	0.0	-10000	10000
prod_82_hydro_3	0.0	-10000	10000
prod_82_hydro_4	0.0	-10000	10000
prod_82_hydro_5	-410.0	-10000	10000
prod_83_hydro_0	61.0	-10000	10000
prod_83_hydro_1	31.0	-10000	10000
prod_83_hydro_2	190.0	-10000	10000
prod_83_hydro_3	147.0	-10000	10000
prod_83_hydro_4	0.0	-10000	10000
prod_83_hydro_5	-205.0	-10000	10000
prod_84_hydro_0	61.0	-10000	10000
prod_84_hydro_1	61.0	-10000	10000
prod_84_hydro_2	190.0	-10000	10000
prod_84_hydro_3	147.0	-10000	10000
prod_84_hydro_4	0.0	-10000	10000
prod_84_hydro_5	-205.0	-10000	10000
prod_85_hydro_0	61.0	-10000	10000
prod_85_hydro_1	61.0	-10000	10000
prod_85_hydro_2	190.0	-10000	10000
prod_85_hydro_3	147.0	-10000	10000
prod_85_hydro_4	0.0	-10000	10000
prod_85_hydro_5	-410.0	-10000	10000
prod_86_hydro_0	61.0	-10000	10000
prod_86_hydro_1	61.0	-10000	10000
prod_86_hydro_2	190.0	-10000	10000
prod_86_hydro_3	147.0	-10000	10000
prod_86_hydro_4	0.0	-10000	10000
prod_86_hydro_5	-410.0	-10000	10000
prod_87_hydro_0	61.0	-10000	10000
prod_87_hydro_1	31.0	-10000	10000
prod_87_hydro_2	190.0	-10000	10000
prod_87_hydro_3	123.0	-10000	10000
prod_87_hydro_4	0.0	-10000	10000
prod_87_hydro_5	-410.0	-10000	10000
prod_88_hydro_0	0.0	-10000	10000
prod_88_hydro_1	0.0	-10000	10000
prod_88_hydro_2	0.0	-10000	10000
prod_88_hydro_3	0.0	-10000	10000
prod_88_hydro_4	0.0	-10000	10000
prod_88_hydro_5	-615.0	-10000	10000
prod_89_hydro_0	0.0	-10000	10000
prod_89_hydro_1	0.0	-10000	10000
prod_89_hydro_2	0.0	-10000	10000
prod_89_hydro_3	0.0	-10000	10000
prod_89_hydro_4	0.0	-10000	10000
prod_89_hydro_5	-615.0	-10000	10000
prod_8_hydro_0	0.0	-10000	10000
prod_8_hydro_1	0.0	-10000	10000
prod_8_hydro_2	0.0	-10000	10000
prod_8_hydro_3	0.0	-10000	10000
prod_8_hydro_4	0.0	-10000	10000
prod_8_hydro_5	-820.0	-10000	10000
prod_90_hydro_0	61.0	-10000	10000
prod_90_hydro_1	31.0	-10000	10000
prod_90_hydro_2	0.0	-10000	10000
prod_90_hydro_3	147.0	-10000	10000
prod_90_hydro_4	0.0	-10000	10000
prod_90_hydro_5	-410.0	-10000	10000
prod_91_hydro_0	61.0	-10000	10000
prod_91_hydro_1	61.0	-10000	10000
prod_91_hydro_2	190.0	-10000	10000
prod_91_hydro_3	147.0	-10000	10000
prod_91_hydro_4	0.0	-10000	10000
prod_91_hydro_5	-410.0	-10000	10000
prod_92_hydro_0	61.0	-10000	10000
prod_92_hydro_1	61.0	-10000	10000
prod_92_hydro_2	190.0	-10000	10000
prod_92_hydro_3	147.0	-10000	10000
prod_92_hydro_4	0.0	-10000	10000
prod_92_hydro_5	-410.0	-10000	10000
prod_93_hydro_0	0.0	-10000	10000
prod_93_hydro_1	0.0	-10000	10000
prod_93_hydro_2	0.0	-10000	10000
prod_93_hydro_3	0.0	-10000	10000
prod_93_hydro_4	0.0	-10000	10000
prod_93_hydro_5	-820.0	-10000	10000
prod_94_hydro_0	0.0	-10000	10000
prod_94_hydro_1	0.0	-10000	10000
prod_94_hydro_2	0.0	-10000	10000
prod_94_hydro_3	0.0	-10000	10000
prod_94_hydro_4	0.0	-10000	10000
prod_94_hydro_5	-820.0	-10000	10000
prod_95_hydro_0	0.0	-10000	10000
prod_95_hydro_1	0.0	-10000	10000
prod_95_hydro_2	190.0	-10000	10000
prod_95_hydro_3	147.0	-10000	10000
prod_95_hydro_4	0.0	-10000	10000
prod_95_hydro_5	-205.0	-10000	10000
prod_9_hydro_0	0.0	-10000	10000
prod_9_hydro_1	0.0	-10000	10000
prod_9_hydro_2	0.0	-10000	10000
prod_9_hydro_3	0.0	-10000	10000
prod_9_hydro_4	0.0	-10000	10000
prod_9_hydro_5	-820.0	-10000	10000
volumeRes_0_0	90754408.0	0	191062496
volumeRes_0_1	2030991.38	1179000	2884300
volumeRes_0_2	12200002.0	1845000	49458000
volumeRes_0_3	18500026.0	1240000	35380000
volumeRes_10_0	90531208.0	0	191062496
volumeRes_10_1	2025591.3801080007	1179000	2884300
volumeRes_10_2	10792402.000215992	1845000	49458000
volumeRes_10_3	20534026.0	1240000	35380000
volumeRes_11_0	90534808.0	0	191062496
volumeRes_11_1	2026311.3801188008	1179000	2884300
volumeRes_11_2	10586842.000237592	1845000	49458000
volumeRes_11_3	20741026.0	1240000	35380000
volumeRes_12_0	90338608.0	0	191062496
volumeRes_12_1	1874031.3801296009	1179000	2884300
volumeRes_12_2	10588282.00025919	1845000	49458000
volumeRes_12_3	20894026.0	1240000	35380000
volumeRes_13_0	90072208.0	0	191062496
volumeRes_13_1	1795551.380140401	1179000	2884300
volumeRes_13_2	10715722.00028079	1845000	49458000
volumeRes_13_3	21047026.0	1240000	35380000
volumeRes_14_0	89805808.0	0	191062496
volumeRes_14_1	1787271.380151201	1179000	2884300
volumeRes_14_2	10843162.00030239	1845000	49458000
volumeRes_14_3	21200026.0	1240000	35380000
volumeRes_15_0	89809408.0	0	191062496
volumeRes_15_1	2057991.3801620011	1179000	2884300
volumeRes_15_2	10637602.000323988	1845000	49458000
volumeRes_15_3	21407026.0	1240000	35380000
volumeRes_16_0	89813008.0	0	191062496
volumeRes_16_1	2058711.3801728012	1179000	2884300
volumeRes_16_2	10432042.000345588	1845000	49458000
volumeRes_16_3	21614026.0	1240000	35380000
volumeRes_17_0	89616808.0	0	191062496
volumeRes_17_1	1868631.3801836013	1179000	2884300
volumeRes_17_2	10471282.000367187	1845000	49458000
volumeRes_17_3	21767026.0	1240000	35380000
volumeRes_18_0	89350408.0	0	191062496
volumeRes_18_1	1790151.3801944014	1179000	2884300
volumeRes_18_2	10751722.000388786	1845000	49458000
volumeRes_18_3	21767026.0	1240000	35380000
volumeRes_19_0	89013808.0	0	191062496
volumeRes_19_1	1781871.3802052015	1179000	2884300
volumeRes_19_2	11032162.000410385	1845000	49458000
volumeRes_19_3	21767026.0	1240000	35380000
volumeRes_1_0	90758008.0	0	191062496
volumeRes_1_1	2218911.3800108	1179000	2884300
volumeRes_1_2	12201442.0000216	1845000	49458000
volumeRes_1_3	18653026.0	1240000	35380000
volumeRes_20_0	88677208.0	0	191062496
volumeRes_20_1	1843791.3802160015	1179000	2884300
volumeRes_20_2	11712202.000431985	1845000	49458000
volumeRes_20_3	21367426.0	1240000	35380000
volumeRes_21_0	88340608.0	0	191062496
volumeRes_21_1	1905711.3802268016	1179000	2884300
volumeRes_21_2	12392242.000453584	1845000	49458000
volumeRes_21_3	20967826.0	1240000	35380000
volumeRes_22_0	88004008.0	0	191062496
volumeRes_22_1	1967631.3802376017	1179000	2884300
volumeRes_22_2	13072282.000475183	1845000	49458000
volumeRes_22_3	20568226.0	1240000	35380000
volumeRes_23_0	87667408.0	0	191062496
volumeRes_23_1	2029551.3802484018	1179000	2884300
volumeRes_23_2	13752322.000496782	1845000	49458000
volumeRes_23_3	20168626.0	1240000	35380000
volumeRes_24_0	87330808.0	0	191062496
volumeRes_24_1	2091471.3802592019	1179000	2884300
volumeRes_24_2	14032762.000518382	1845000	49458000
volumeRes_24_3	20168626.0	1240000	35380000
volumeRes_25_0	87204808.0	0	191062496
volumeRes_25_1	2241591.380270002	1179000	2884300
volumeRes_25_2	14072002.00053998	1845000	49458000
volumeRes_25_3	20321626.0	1240000	35380000
volumeRes_26_0	87078808.0	0	191062496
volumeRes_26_1	2181111.380280802	1179000	2884300
volumeRes_26_2	14111242.00056158	1845000	49458000
volumeRes_26_3	20474626.0	1240000	35380000
volumeRes_27_0	87082408.0	0	191062496
volumeRes_27_1	2311431.380291602	1179000	2884300
volumeRes_27_2	13905682.00058318	1845000	49458000
volumeRes_27_3	20681626.0	1240000	35380000
volumeRes_28_0	87086008.0	0	191062496
volumeRes_28_1	2312151.380302402	1179000	2884300
volumeRes_28_2	13700122.000604779	1845000	49458000
volumeRes_28_3	20888626.0	1240000	35380000
volumeRes_29_0	86889808.0	0	191062496
volumeRes_29_1	2055471.3803132023	1179000	2884300
volumeRes_29_2	13805962.000626378	1845000	49458000
volumeRes_29_3	21041626.0	1240000	35380000
volumeRes_2_0	90761608.0	0	191062496
volumeRes_2_1	2066631.3800216	1179000	2884300
volumeRes_2_2	12202882.000043198	1845000	49458000
volumeRes_2_3	18806026.0	1240000	35380000
volumeRes_30_0	86693608.0	0	191062496
volumeRes_30_1	1998591.3803240024	1179000	2884300
volumeRes_30_2	13911802.000647977	1845000	49458000
volumeRes_30_3	21194626.0	1240000	35380000
volumeRes_31_0	86697208.0	0	191062496
volumeRes_31_1	2199111.3803348024	1179000	2884300
volumeRes_31_2	13760242.000669576	1845000	49458000
volumeRes_31_3	21347626.0	1240000	35380000
volumeRes_32_0	86700808.0	0	191062496
volumeRes_32_1	2199831.3803456025	1179000	2884300
volumeRes_32_2	13608682.000691175	1845000	49458000
volumeRes_32_3	21500626.0	1240000	35380000
volumeRes_33_0	86704408.0	0	191062496
volumeRes_33_1	2200551.3803564026	1179000	2884300
volumeRes_33_2	13403122.000712775	1845000	49458000
volumeRes_33_3	21707626.0	1240000	35380000
volumeRes_34_0	86708008.0	0	191062496
volumeRes_34_1	2201271.3803672027	1179000	2884300
volumeRes_34_2	13197562.000734374	1845000	49458000
volumeRes_34_3	21914626.0	1240000	35380000
volumeRes_35_0	86641408.0	0	191062496
volumeRes_35_1	2201991.3803780028	1179000	2884300
volumeRes_35_2	12992002.000755973	1845000	49458000
volumeRes_35_3	22121626.0	1240000	35380000
volumeRes_36_0	86375008.0	0	191062496
volumeRes_36_1	1993911.3803888028	1179000	2884300
volumeRes_36_2	13191442.000777572	1845000	49458000
volumeRes_36_3	22202626.0	1240000	35380000
volumeRes_37_0	86108608.0	0	191062496
volumeRes_37_1	1985631.380399603	1179000	2884300
volumeRes_37_2	13390882.000799172	1845000	49458000
volumeRes_37_3	22283626.0	1240000	35380000
volumeRes_38_0	85842208.0	0	191062496
volumeRes_38_1	1977351.380410403	1179000	2884300
volumeRes_38_2	13518322.00082077	1845000	49458000
volumeRes_38_3	22436626.0	1240000	35380000
volumeRes_39_0	85845808.0	0	191062496
volumeRes_39_1	2248071.380421203	1179000	2884300
volumeRes_39_2	13366762.00084237	1845000	49458000
volumeRes_39_3	22589626.0	1240000	35380000
volumeRes_3_0	90635608.0	0	191062496
volumeRes_3_1	1914351.3800324001	1179000	2884300
volumeRes_3_2	12204322.000064798	1845000	49458000
volumeRes_3_3	18959026.0	1240000	35380000
volumeRes_40_0	85849408.0	0	191062496
volumeRes_40_1	2248791.380432003	1179000	2884300
volumeRes_40_2	13215202.00086397	1845000	49458000
volumeRes_40_3	22742626.0	1240000	35380000
volumeRes_41_0	85853008.0	0	191062496
volumeRes_41_1	2249511.3804428033	1179000	2884300
volumeRes_41_2	12973642.000885569	1845000	49458000
volumeRes_41_3	22985626.0	1240000	35380000
volumeRes_42_0	85856608.0	0	191062496
volumeRes_42_1	2250231.3804536033	1179000	2884300
volumeRes_42_2	12732082.000907168	1845000	49458000
volumeRes_42_3	23228626.0	1240000	35380000
volumeRes_43_0	85860208.0	0	191062496
volumeRes_43_1	2250951.3804644034	1179000	2884300
volumeRes_43_2	12490522.000928767	1845000	49458000
volumeRes_43_3	23471626.0	1240000	35380000
volumeRes_44_0	85863808.0	0	191062496
volumeRes_44_1	2251671.3804752035	1179000	2884300
volumeRes_44_2	12248962.000950366	1845000	49458000
volumeRes_44_3	23714626.0	1240000	35380000
volumeRes_45_0	85867408.0	0	191062496
volumeRes_45_1	2252391.3804860036	1179000	2884300
volumeRes_45_2	12007402.000971965	1845000	49458000
volumeRes_45_3	23957626.0	1240000	35380000
volumeRes_46_0	85871008.0	0	191062496
volumeRes_46_1	2253111.3804968037	1179000	2884300
volumeRes_46_2	11801842.000993565	1845000	49458000
volumeRes_46_3	24164626.0	1240000	35380000
volumeRes_47_0	85874608.0	0	191062496
volumeRes_47_1	2253831.3805076038	1179000	2884300
volumeRes_47_2	11596282.001015164	1845000	49458000
volumeRes_47_3	24371626.0	1240000	35380000
volumeRes_48_0	85878208.0	0	191062496
volumeRes_48_1	2254551.380518404	1179000	2884300
volumeRes_48_2	11444722.001036763	1845000	49458000
volumeRes_48_3	24524626.0	1240000	35380000
volumeRes_49_0	85881808.0	0	191062496
volumeRes_49_1	2255271.380529204	1179000	2884300
volumeRes_49_2	11293162.001058362	1845000	49458000
volumeRes_49_3	24677626.0	1240000	35380000
volumeRes_4_0	90509608.0	0	191062496
volumeRes_4_1	1891671.3800432002	1179000	2884300
volumeRes_4_2	12205762.000086397	1845000	49458000
volumeRes_4_3	19112026.0	1240000	35380000
volumeRes_50_0	85885408.0	0	191062496
volumeRes_50_1	2255991.380540004	1179000	2884300
volumeRes_50_2	11141602.001079962	1845000	49458000
volumeRes_50_3	24830626.0	1240000	35380000
volumeRes_51_0	85889008.0	0	191062496
volumeRes_51_1	2256711.380550804	1179000	2884300
volumeRes_51_2	10936042.00110156	1845000	49458000
volumeRes_51_3	25037626.0	1240000	35380000
volumeRes_52_0	85892608.0	0	191062496
volumeRes_52_1	2257431.380561604	1179000	2884300
volumeRes_52_2	10730482.00112316	1845000	49458000
volumeRes_52_3	25244626.0	1240000	35380000
volumeRes_53_0	85896208.0	0	191062496
volumeRes_53_1	2258151.3805724042	1179000	2884300
volumeRes_53_2	10578922.00114476	1845000	49458000
volumeRes_53_3	25397626.0	1240000	35380000
volumeRes_54_0	85829608.0	0	191062496
volumeRes_54_1	2258871.3805832043	1179000	2884300
volumeRes_54_2	10427362.001166359	1845000	49458000
volumeRes_54_3	25550626.0	1240000	35380000
volumeRes_55_0	85563208.0	0	191062496
volumeRes_55_1	2050791.3805940044	1179000	2884300
volumeRes_55_2	10707802.001187958	1845000	49458000
volumeRes_55_3	25550626.0	1240000	35380000
volumeRes_56_0	85296808.0	0	191062496
volumeRes_56_1	2042511.3806048045	1179000	2884300
volumeRes_56_2	10988242.001209557	1845000	49458000
volumeRes_56_3	25550626.0	1240000	35380000
volumeRes_57_0	85030408.0	0	191062496
volumeRes_57_1	2034231.3806156046	1179000	2884300
volumeRes_57_2	11115682.001231156	1845000	49458000
volumeRes_57_3	25703626.0	1240000	35380000
volumeRes_58_0	84764008.0	0	191062496
volumeRes_58_1	2025951.3806264047	1179000	2884300
volumeRes_58_2	11243122.001252756	1845000	49458000
volumeRes_58_3	25856626.0	1240000	35380000
volumeRes_59_0	84497608.0	0	191062496
volumeRes_59_1	2017671.3806372047	1179000	2884300
volumeRes_59_2	11370562.001274355	1845000	49458000
volumeRes_59_3	26009626.0	1240000	35380000
volumeRes_5_0	90513208.0	0	191062496
volumeRes_5_1	2021991.3800540003	1179000	2884300
volumeRes_5_2	11964202.000107996	1845000	49458000
volumeRes_5_3	19355026.0	1240000	35380000
volumeRes_60_0	84501208.0	0	191062496
volumeRes_60_1	2288391.380648005	1179000	2884300
volumeRes_60_2	11219002.001295954	1845000	49458000
volumeRes_60_3	26162626.0	1240000	35380000
volumeRes_61_0	84504808.0	0	191062496
volumeRes_61_1	2289111.380658805	1179000	2884300
volumeRes_61_2	11067442.001317553	1845000	49458000
volumeRes_61_3	26315626.0	1240000	35380000
volumeRes_62_0	84378808.0	0	191062496
volumeRes_62_1	2136831.380669605	1179000	2884300
volumeRes_62_2	11068882.001339152	1845000	49458000
volumeRes_62_3	26468626.0	1240000	35380000
volumeRes_63_0	84252808.0	0	191062496
volumeRes_63_1	2114151.380680405	1179000	2884300
volumeRes_63_2	11070322.001360752	1845000	49458000
volumeRes_63_3	26621626.0	1240000	35380000
volumeRes_64_0	84256408.0	0	191062496
volumeRes_64_1	2244471.380691205	1179000	2884300
volumeRes_64_2	10918762.00138235	1845000	49458000
volumeRes_64_3	26774626.0	1240000	35380000
volumeRes_65_0	84260008.0	0	191062496
volumeRes_65_1	2245191.3807020052	1179000	2884300
volumeRes_65_2	10767202.00140395	1845000	49458000
volumeRes_65_3	26927626.0	1240000	35380000
volumeRes_66_0	84063808.0	0	191062496
volumeRes_66_1	1988511.3807128053	1179000	2884300
volumeRes_66_2	10873042.00142555	1845000	49458000
volumeRes_66_3	27080626.0	1240000	35380000
volumeRes_67_0	83867608.0	0	191062496
volumeRes_67_1	1931631.3807236054	1179000	2884300
volumeRes_67_2	10978882.001447149	1845000	49458000
volumeRes_67_3	27233626.0	1240000	35380000
volumeRes_68_0	83871208.0	0	191062496
volumeRes_68_1	2132151.3807344055	1179000	2884300
volumeRes_68_2	10773322.001468748	1845000	49458000
volumeRes_68_3	27440626.0	1240000	35380000
volumeRes_69_0	83874808.0	0	191062496
volumeRes_69_1	2132871.3807452056	1179000	2884300
volumeRes_69_2	10567762.001490347	1845000	49458000
volumeRes_69_3	27647626.0	1240000	35380000
volumeRes_6_0	90516808.0	0	191062496
volumeRes_6_1	2022711.3800648004	1179000	2884300
volumeRes_6_2	11722642.000129595	1845000	49458000
volumeRes_6_3	19598026.0	1240000	35380000
volumeRes_70_0	83878408.0	0	191062496
volumeRes_70_1	1980591.3807560056	1179000	2884300
volumeRes_70_2	10569202.001511946	1845000	49458000
volumeRes_70_3	27800626.0	1240000	35380000
volumeRes_71_0	83882008.0	0	191062496
volumeRes_71_1	1828311.3807668057	1179000	2884300
volumeRes_71_2	10570642.001533546	1845000	49458000
volumeRes_71_3	27953626.0	1240000	35380000
volumeRes_72_0	83885608.0	0	191062496
volumeRes_72_1	1676031.3807776058	1179000	2884300
volumeRes_72_2	10572082.001555145	1845000	49458000
volumeRes_72_3	28106626.0	1240000	35380000
volumeRes_73_0	83689408.0	0	191062496
volumeRes_73_1	1419351.380788406	1179000	2884300
volumeRes_73_2	10677922.001576744	1845000	49458000
volumeRes_73_3	28259626.0	1240000	35380000
volumeRes_74_0	83423008.0	0	191062496
volumeRes_74_1	1340871.380799206	1179000	2884300
volumeRes_74_2	10805362.001598343	1845000	49458000
volumeRes_74_3	28412626.0	1240000	35380000
volumeRes_75_0	83156608.0	0	191062496
volumeRes_75_1	1332591.380810006	1179000	2884300
volumeRes_75_2	10932802.001619942	1845000	49458000
volumeRes_75_3	28565626.0	1240000	35380000
volumeRes_76_0	82890208.0	0	191062496
volumeRes_76_1	1324311.3808208061	1179000	2884300
volumeRes_76_2	11060242.001641542	1845000	49458000
volumeRes_76_3	28718626.0	1240000	35380000
volumeRes_77_0	82623808.0	0	191062496
volumeRes_77_1	1316031.3808316062	1179000	2884300
volumeRes_77_2	11187682.001663141	1845000	49458000
volumeRes_77_3	28871626.0	1240000	35380000
volumeRes_78_0	82627408.0	0	191062496
volumeRes_78_1	1586751.3808424063	1179000	2884300
volumeRes_78_2	11036122.00168474	1845000	49458000
volumeRes_78_3	29024626.0	1240000	35380000
volumeRes_79_0	82631008.0	0	191062496
volumeRes_79_1	1587471.3808532064	1179000	2884300
volumeRes_79_2	10884562.00170634	1845000	49458000
volumeRes_79_3	29177626.0	1240000	35380000
volumeRes_7_0	90520408.0	0	191062496
volumeRes_7_1	2023431.3800756005	1179000	2884300
volumeRes_7_2	11481082.000151195	1845000	49458000
volumeRes_7_3	19841026.0	1240000	35380000
volumeRes_80_0	82634608.0	0	191062496
volumeRes_80_1	1588191.3808640065	1179000	2884300
volumeRes_80_2	10733002.001727939	1845000	49458000
volumeRes_80_3	29330626.0	1240000	35380000
volumeRes_81_0	82638208.0	0	191062496
volumeRes_81_1	1588911.3808748065	1179000	2884300
volumeRes_81_2	10581442.001749538	1845000	49458000
volumeRes_81_3	29483626.0	1240000	35380000
volumeRes_82_0	82641808.0	0	191062496
volumeRes_82_1	1589631.3808856066	1179000	2884300
volumeRes_82_2	10429882.001771137	1845000	49458000
volumeRes_82_3	29636626.0	1240000	35380000
volumeRes_83_0	82445608.0	0	191062496
volumeRes_83_1	1311351.3808964067	1179000	2884300
volumeRes_83_2	10629322.001792736	1845000	49458000
volumeRes_83_3	29717626.0	1240000	35380000
volumeRes_84_0	82179208.0	0	191062496
volumeRes_84_1	1232871.3809072068	1179000	2884300
volumeRes_84_2	10828762.001814336	1845000	49458000
volumeRes_84_3	29798626.0	1240000	35380000
volumeRes_85_0	81912808.0	0	191062496
volumeRes_85_1	1224591.3809180069	1179000	2884300
volumeRes_85_2	10956202.001835935	1845000	49458000
volumeRes_85_3	29951626.0	1240000	35380000
volumeRes_86_0	81646408.0	0	191062496
volumeRes_86_1	1216311.380928807	1179000	2884300
volumeRes_86_2	11083642.001857534	1845000	49458000
volumeRes_86_3	30104626.0	1240000	35380000
volumeRes_87_0	81450208.0	0	191062496
volumeRes_87_1	1229631.380939607	1179000	2884300
volumeRes_87_2	11189482.001879133	1845000	49458000
volumeRes_87_3	30257626.0	1240000	35380000
volumeRes_88_0	81453808.0	0	191062496
volumeRes_88_1	1430151.3809504071	1179000	2884300
volumeRes_88_2	10983922.001900733	1845000	49458000
volumeRes_88_3	30464626.0	1240000	35380000
volumeRes_89_0	81457408.0	0	191062496
volumeRes_89_1	1430871.3809612072	1179000	2884300
volumeRes_89_2	10778362.001922332	1845000	49458000
volumeRes_89_3	30671626.0	1240000	35380000
volumeRes_8_0	90524008.0	0	191062496
volumeRes_8_1	2024151.3800864005	1179000	2884300
volumeRes_8_2	11239522.000172794	1845000	49458000
volumeRes_8_3	20084026.0	1240000	35380000
volumeRes_90_0	81261208.0	0	191062496
volumeRes_90_1	1305591.3809720073	1179000	2884300
volumeRes_90_2	10752802.001943931	1845000	49458000
volumeRes_90_3	30824626.0	1240000	35380000
volumeRes_91_0	80994808.0	0	191062496
volumeRes_91_1	1227111.3809828074	1179000	2884300
volumeRes_91_2	10880242.00196553	1845000	49458000
volumeRes_91_3	30977626.0	1240000	35380000
volumeRes_92_0	80728408.0	0	191062496
volumeRes_92_1	1218831.3809936075	1179000	2884300
volumeRes_92_2	11007682.00198713	1845000	49458000
volumeRes_92_3	31130626.0	1240000	35380000
volumeRes_93_0	80732008.0	0	191062496
volumeRes_93_1	1489551.3810044075	1179000	2884300
volumeRes_93_2	10766122.002008729	1845000	49458000
volumeRes_93_3	31373626.0	1240000	35380000
volumeRes_94_0	80735608.0	0	191062496
volumeRes_94_1	1490271.3810152076	1179000	2884300
volumeRes_94_2	10524562.002030328	1845000	49458000
volumeRes_94_3	31616626.0	1240000	35380000
volumeRes_95_0	80739208.0	0	191062496
volumeRes_95_1	1211991.3810260077	1179000	2884300
volumeRes_95_2	10724002.002051927	1845000	49458000
volumeRes_95_3	31697626.0	1240000	35380000
volumeRes_9_0	90527608.0	0	191062496
volumeRes_9_1	2024871.3800972006	1179000	2884300
volumeRes_9_2	10997962.000194393	1845000	49458000
volumeRes_9_3	20327026.0	1240000	35380000
